0 118 287 100 175 554 281 88 147 362 307 100 149 204 304 120 174 
1 555 282 88 146 123 296 109 158 360 302 103 160 206 294 117 178 
2 554 280 89 149 124 295 107 160 360 302 104 160 207 293 116 179 
3 554 280 89 151 124 296 106 158 360 303 104 159 207 292 115 181 
4 554 280 88 150 124 296 107 158 360 301 104 161 207 293 114 180 
5 553 279 89 151 125 296 107 158 360 302 104 160 207 293 115 179 
6 553 281 89 150 125 295 106 158 360 302 104 160 208 293 115 180 
7 553 281 90 149 125 296 106 156 360 302 104 160 207 293 115 179 
8 554 280 88 150 127 296 105 156 360 302 104 160 208 293 114 179 
9 553 280 89 150 127 295 105 156 207 295 116 175 360 302 104 160 
10 553 280 89 149 128 296 104 153 206 295 116 175 360 301 104 161 
11 554 280 89 150 127 296 106 155 206 296 118 173 360 302 105 161 
12 554 282 89 146 127 294 105 157 206 295 120 175 360 302 104 159 
13 553 281 90 147 129 296 103 153 207 299 120 169 360 302 105 161 
14 555 282 87 148 128 296 105 152 214 294 119 178 360 301 105 163 
15 554 282 88 148 127 296 105 153 214 294 119 178 360 301 105 163 
16 554 283 88 147 127 296 106 154 360 301 105 163 214 295 120 176 
17 555 282 87 148 128 294 104 155 359 300 105 163 214 295 120 176 
18 555 282 87 148 128 295 105 153 215 296 119 175 359 300 106 165 
19 555 281 88 149 128 296 104 152 214 295 120 175 359 300 106 164 
20 554 281 89 149 128 297 104 150 205 300 122 167 359 299 106 166 
21 554 281 89 149 128 297 104 150 214 295 120 176 359 299 106 165 
22 554 280 88 151 127 296 107 154 214 295 119 177 359 298 106 168 
23 556 280 87 150 127 294 106 160 205 297 123 171 359 299 105 166 
24 174 257 58 90 554 280 88 151 127 292 107 163 205 297 121 172 359 300 105 163 
25 174 258 57 87 555 280 87 150 127 289 108 169 206 296 120 173 359 300 106 164 
26 175 258 57 88 128 286 107 175 554 281 88 149 359 300 105 163 206 295 120 175 
27 175 259 59 90 126 287 109 174 554 280 88 150 360 300 104 164 206 294 118 176 
28 125 286 109 174 554 280 88 148 175 258 58 89 360 299 105 164 206 293 118 179 
29 124 284 110 179 554 280 88 148 175 258 59 91 360 300 105 163 206 292 118 180 
30 125 283 109 182 554 281 89 146 174 258 58 91 360 300 105 164 207 292 117 181 
31 125 284 110 181 174 258 58 90 554 280 88 150 360 301 104 161 206 292 118 180 
32 126 283 109 182 175 258 58 91 553 280 89 150 360 300 104 162 206 292 119 179 
33 128 283 106 180 175 258 57 90 554 278 88 153 360 302 104 159 207 292 117 181 
34 126 283 107 183 175 259 57 90 554 277 87 156 360 302 104 160 207 291 117 181 
35 127 282 106 184 175 258 58 90 553 277 88 155 360 301 105 161 207 291 117 182 
36 125 283 109 184 176 258 57 90 554 277 88 153 360 301 104 161 207 291 117 182 
37 176 259 56 90 124 282 109 186 553 277 89 151 360 300 105 163 206 290 117 184 
38 124 282 108 184 175 259 57 90 553 277 88 151 360 300 105 164 206 289 118 185 
39 123 282 110 185 175 259 57 90 553 277 88 151 360 301 104 163 206 287 117 188 
40 122 282 110 185 175 259 57 91 554 278 86 151 360 301 105 162 205 288 118 187 
41 122 282 110 185 175 259 57 90 554 279 87 152 360 301 104 161 205 287 117 188 
42 122 281 110 185 175 259 57 90 554 278 86 155 360 301 104 162 205 288 118 187 
43 123 282 109 185 176 259 57 90 555 278 86 155 360 301 104 161 205 288 117 187 
44 123 281 110 185 175 259 57 90 557 277 84 157 360 302 104 160 205 287 117 187 
45 123 282 110 184 175 259 58 91 557 278 85 152 360 302 104 159 205 287 117 188 
46 124 282 109 184 175 259 58 90 555 278 87 154 360 302 104 160 205 287 118 187 
47 557 278 85 152 123 282 110 183 175 260 59 89 360 303 105 159 205 287 118 188 
48 555 278 87 151 123 282 110 183 175 260 58 90 360 303 103 158 205 288 118 188 
49 558 280 83 150 124 281 108 184 177 260 58 90 360 303 103 157 206 289 117 186 
50 176 259 58 91 125 281 107 184 360 303 104 158 206 289 117 186 
51 177 259 57 90 125 281 108 185 360 303 104 158 206 289 117 185 
52 177 259 57 91 125 281 108 185 360 302 104 160 206 289 117 185 
53 124 281 109 187 177 259 58 91 359 302 105 161 206 289 117 186 
54 125 282 107 183 176 259 58 91 360 302 104 159 206 289 116 185 
55 554 275 88 153 125 281 107 185 177 260 57 90 359 303 105 159 206 289 117 185 
56 565 276 76 151 124 281 108 185 176 259 58 90 359 303 104 159 206 289 118 184 
57 581 291 59 117 176 260 57 90 125 282 108 183 359 302 105 160 206 291 120 181 
58 595 287 44 132 176 259 59 90 126 282 107 183 359 303 105 159 205 292 121 179 
59 600 283 39 136 123 283 110 182 175 259 59 90 360 303 105 159 204 293 123 178 
60 176 259 58 90 123 281 110 184 360 303 104 159 203 295 125 176 
61 585 205 53 184 175 260 60 87 123 283 111 180 360 302 104 161 203 298 124 172 
62 176 260 60 87 122 281 112 183 597 218 41 163 359 302 105 161 204 299 124 170 
63 176 259 60 88 123 282 111 182 596 214 42 167 204 300 124 168 359 303 105 160 
64 176 260 61 88 123 281 113 183 585 204 52 181 203 300 125 168 359 302 105 161 
65 175 259 61 89 124 282 112 184 196 307 145 160 359 301 106 162 583 205 55 181 
66 176 259 61 90 124 281 111 185 195 307 148 161 579 205 59 185 359 302 105 161 
67 175 259 61 91 124 281 111 185 575 204 62 181 360 302 104 161 196 306 153 164 
68 176 259 60 88 126 282 109 183 573 204 65 179 359 302 105 161 195 307 156 161 
69 126 283 108 179 176 259 61 89 574 202 64 182 359 302 104 161 195 308 156 160 
70 176 258 61 90 126 282 109 181 575 201 61 185 360 302 104 160 195 306 154 161 
71 176 259 60 90 126 282 108 182 574 199 63 186 360 303 104 159 195 306 153 161 
72 176 259 60 89 126 282 109 182 565 202 69 170 360 302 103 160 194 303 154 164 
73 176 259 60 89 125 281 110 184 562 199 69 173 194 302 153 165 359 303 103 158 
74 176 259 61 89 125 281 110 183 563 199 62 173 193 303 154 166 359 302 103 160 
75 176 259 59 88 125 281 109 183 563 200 64 168 194 302 153 166 359 302 103 160 
76 176 259 60 88 126 281 108 183 545 196 76 174 194 302 153 166 359 302 103 159 
77 127 280 107 185 177 259 59 88 541 197 73 169 195 301 153 167 359 302 103 160 
78 126 280 109 187 177 259 58 89 539 200 72 168 195 301 152 167 359 303 102 159 
79 125 280 109 186 179 259 58 87 195 301 152 168 537 199 70 162 358 302 103 159 
80 180 260 59 87 126 280 109 185 525 196 73 170 194 300 151 170 358 304 102 155 
81 182 261 59 86 125 280 109 185 195 300 150 170 525 198 71 164 359 304 102 156 
82 124 281 110 183 182 261 60 86 525 199 65 165 194 301 151 169 359 304 102 156 
83 182 262 58 83 126 282 108 182 211 290 127 183 523 198 64 166 359 304 101 154 
84 184 260 56 86 126 282 108 181 195 301 151 168 358 304 101 156 519 196 66 165 
85 127 281 107 183 184 262 55 87 195 303 150 167 518 196 65 162 358 303 102 158 
86 185 265 57 83 126 281 109 183 517 196 59 162 212 290 125 185 359 304 102 156 
87 186 265 59 85 126 280 109 184 358 303 103 158 196 301 149 170 503 196 67 154 
88 126 278 109 188 187 263 59 89 358 303 103 157 196 302 148 169 497 195 71 152 
89 126 277 110 189 188 262 59 91 358 306 103 151 198 302 147 167 481 194 84 156 
90 126 277 109 189 198 262 54 88 197 300 146 170 358 305 103 152 472 194 79 152 
91 125 278 110 188 199 263 52 84 198 302 145 168 358 305 104 154 473 194 76 153 
92 125 280 110 185 199 263 55 85 211 290 127 185 471 193 71 153 359 304 104 155 
93 126 281 108 183 199 263 54 84 468 192 69 152 211 290 127 185 358 304 105 155 
94 124 280 110 185 198 262 58 88 199 304 147 166 358 304 106 157 469 189 52 139 
95 123 278 113 188 197 262 59 88 212 291 127 183 450 183 65 148 358 304 105 156 
96 123 278 114 188 196 262 61 89 199 307 145 162 359 304 104 155 447 183 64 145 
97 123 278 114 189 197 261 61 88 199 307 147 163 358 305 104 154 436 188 69 136 
98 122 278 115 189 196 261 62 90 199 307 147 163 358 304 105 157 425 191 73 134 
99 123 277 115 192 195 261 63 91 212 291 127 182 359 304 104 156 422 190 71 137 
100 121 277 117 190 196 261 65 90 211 291 128 184 359 304 103 155 432 183 52 141 
101 123 278 114 189 197 261 63 90 211 291 127 183 358 305 102 155 428 183 51 143 
102 122 277 115 191 198 261 63 89 211 290 127 185 359 306 101 152 424 186 49 134 
103 122 276 116 192 197 261 64 90 211 290 127 184 359 306 100 151 421 184 49 131 
104 123 276 115 191 197 259 63 92 359 307 100 148 199 305 147 165 412 178 53 135 
105 122 276 115 190 199 257 62 94 359 307 100 150 212 290 127 185 408 182 50 137 
106 401 181 53 134 123 279 114 186 197 255 59 97 359 305 100 152 211 291 127 184 
107 124 278 113 189 375 182 74 144 197 253 58 100 358 305 100 151 199 306 147 164 
108 123 278 113 188 196 252 59 103 359 305 97 151 212 291 126 185 373 181 69 143 
109 122 277 114 189 195 251 60 105 358 306 97 151 372 182 66 141 211 291 126 185 
110 124 277 113 189 194 251 61 104 375 184 59 128 211 290 127 185 358 306 96 150 
111 124 276 112 192 194 250 62 105 213 292 125 181 358 305 96 151 372 184 54 128 
112 124 276 112 190 212 291 126 183 194 250 61 105 358 307 96 147 370 181 52 129 
113 125 277 111 190 212 292 125 182 194 251 61 105 358 307 97 149 369 181 52 132 
114 126 277 108 189 199 306 144 162 195 250 59 107 357 306 98 150 352 173 66 145 
115 126 276 109 190 212 291 125 184 194 249 59 106 357 306 97 150 350 176 67 141 
116 126 277 108 189 211 290 127 187 195 249 58 107 358 307 96 149 348 177 66 139 
117 126 277 109 189 357 307 97 149 212 291 125 185 194 249 59 108 347 176 63 141 
118 127 277 108 189 358 307 96 148 350 184 59 123 212 291 126 185 194 249 60 106 
119 125 277 110 190 358 308 95 146 211 290 127 185 194 249 60 104 347 181 58 127 
120 136 285 95 133 359 308 95 146 212 291 126 184 195 248 58 107 348 184 55 123 
121 125 278 110 187 359 308 95 146 201 305 141 162 196 247 58 110 345 183 57 124 
122 125 280 112 184 211 291 127 183 198 246 56 111 359 307 95 148 343 180 58 128 
123 123 280 114 184 200 245 53 111 211 291 127 182 359 307 95 148 344 179 55 129 
124 134 283 95 134 573 245 67 160 211 292 127 181 199 246 55 110 359 313 100 159 344 180 53 128 
125 135 285 98 134 567 248 73 161 201 304 142 165 345 180 52 128 198 246 56 111 359 309 95 145 
126 122 279 115 185 559 248 80 159 213 294 124 178 197 246 56 114 359 308 95 148 340 176 50 134 
127 121 279 115 185 559 258 78 178 197 245 57 115 213 294 123 179 360 307 95 148 339 176 49 135 
128 121 278 115 187 555 252 83 152 197 245 57 115 213 294 124 178 359 307 95 148 335 176 52 134 
129 134 285 98 133 555 253 84 151 197 245 57 115 359 308 95 148 213 294 123 178 333 179 51 129 
130 122 277 114 189 555 256 83 178 198 245 56 115 359 308 95 147 214 294 122 177 333 177 50 130 
131 122 277 113 189 553 254 87 150 198 245 56 114 359 308 96 148 215 295 121 176 333 177 49 130 
132 124 277 110 188 553 256 86 179 200 245 53 113 359 308 96 147 214 296 121 174 332 177 49 129 
133 134 284 96 133 553 256 87 181 199 245 53 114 359 308 95 147 214 296 123 175 331 177 47 130 
134 124 277 111 188 553 255 86 181 358 308 96 148 199 244 54 113 213 296 123 176 330 176 48 132 
135 135 285 95 133 553 255 86 182 199 245 53 111 358 307 96 148 202 303 140 166 329 176 48 132 
136 553 254 86 182 134 284 96 134 199 246 53 110 358 308 95 148 212 296 125 175 329 175 49 134 
137 134 284 96 134 553 253 87 153 199 246 53 110 359 308 95 147 200 301 142 167 329 174 48 135 
138 134 284 95 134 553 253 86 152 199 247 53 110 359 308 95 148 201 302 140 167 327 172 49 138 
139 134 285 95 134 553 255 87 181 358 308 96 147 200 246 53 110 201 303 139 165 327 172 48 138 
140 134 284 96 134 552 255 89 182 202 303 139 166 358 308 95 147 199 245 53 112 328 173 48 136 
141 134 284 96 134 552 255 89 180 202 304 139 165 358 308 95 147 200 246 52 111 328 175 48 134 
142 134 284 96 133 552 255 88 149 202 304 139 164 200 247 53 111 358 308 95 147 328 174 48 135 
143 133 285 97 133 551 255 89 150 205 304 138 164 358 308 95 148 200 246 53 114 328 173 48 137 
144 134 285 97 134 551 256 90 179 213 297 124 174 358 308 95 146 200 246 53 113 327 174 48 137 
145 133 285 96 133 551 256 90 179 358 309 95 146 200 247 53 112 213 296 123 175 327 176 48 133 
146 133 285 95 133 550 256 91 179 359 308 95 146 203 303 140 165 200 246 52 112 328 176 48 132 
147 133 285 95 134 551 257 90 179 358 309 95 145 203 303 140 164 200 246 52 112 328 176 48 131 
148 133 286 95 132 550 256 91 179 358 311 99 161 200 246 51 113 202 303 140 165 328 177 49 129 
149 134 285 95 131 551 255 89 149 358 309 95 146 200 246 52 113 213 295 123 176 327 175 52 133 
150 134 285 95 132 551 255 88 149 358 308 95 146 200 246 53 112 202 302 140 165 328 175 52 135 
151 134 286 96 132 551 255 89 149 359 308 95 147 200 246 53 112 202 303 141 164 327 179 54 128 
152 133 285 96 131 550 257 91 179 358 308 95 148 200 246 53 113 214 295 123 177 328 178 53 130 
153 134 285 96 131 551 255 89 148 359 307 95 148 200 246 53 113 202 302 140 166 328 178 53 131 
154 133 285 97 132 551 255 88 148 358 307 95 149 200 246 53 113 201 302 141 167 328 178 54 131 
155 134 285 95 132 551 256 89 147 358 307 95 150 213 294 124 179 199 246 54 112 328 179 54 130 
156 134 285 96 132 550 255 89 149 358 307 95 149 213 294 124 180 199 246 54 113 327 179 53 131 
157 133 285 96 132 551 256 88 147 359 307 95 149 213 295 124 178 200 246 54 112 327 180 51 132 
158 134 285 96 132 551 255 88 149 357 309 101 163 202 303 140 166 199 246 54 112 328 181 50 130 
159 133 285 97 132 551 255 88 148 358 306 96 151 200 246 54 113 201 302 141 168 329 180 49 133 
160 133 285 96 131 551 256 88 147 358 306 96 150 199 246 55 112 201 302 142 169 330 181 47 134 
161 133 285 97 132 551 255 89 149 359 307 95 149 199 246 54 111 201 301 142 169 330 182 46 132 
162 133 285 97 132 551 255 89 149 358 307 95 148 199 246 54 111 201 302 142 168 331 181 46 133 
163 133 285 97 133 551 255 89 148 359 307 94 148 199 247 55 111 201 302 141 169 331 181 46 133 
164 134 285 96 132 551 255 88 148 359 308 94 147 200 302 142 168 199 247 54 111 330 181 47 134 
165 134 285 97 132 551 255 89 148 360 308 94 146 214 295 123 177 199 247 54 110 330 181 47 136 
166 134 285 97 133 550 255 89 148 360 309 94 145 201 302 140 165 199 247 54 110 330 181 46 137 
167 134 285 97 132 551 256 89 147 360 309 94 145 214 295 123 177 199 247 54 110 330 182 46 136 
168 135 285 96 132 551 255 88 148 360 308 94 147 201 302 141 167 199 248 54 109 330 182 45 137 
169 134 285 97 133 551 256 88 147 361 309 93 144 198 247 55 110 214 294 123 179 330 183 46 135 
170 135 285 97 131 551 256 89 147 360 309 94 146 199 248 54 109 213 294 123 178 330 183 46 136 
171 134 285 98 132 551 255 88 149 361 309 93 145 198 248 55 108 214 294 123 178 330 182 45 137 
172 134 284 97 132 551 256 89 147 361 308 94 148 198 248 56 109 213 293 123 180 330 184 45 135 
173 134 285 97 131 551 255 89 148 199 248 55 109 360 309 94 145 213 294 123 179 330 184 45 134 
174 134 285 98 131 551 255 89 148 357 310 100 162 198 249 55 107 213 294 123 179 330 184 45 134 
175 135 284 96 131 551 255 89 148 199 249 56 106 358 311 100 160 213 294 124 179 330 184 45 134 
176 134 284 98 133 551 255 89 148 199 249 56 106 358 311 100 159 214 295 122 176 329 184 45 132 
177 122 277 113 189 551 255 89 148 199 250 57 107 359 308 94 148 214 296 123 176 329 184 45 132 
178 134 283 97 132 551 255 89 149 198 252 58 103 359 307 94 149 214 296 123 176 329 184 45 132 
179 134 285 98 130 551 255 89 149 199 253 57 101 359 308 94 147 215 296 122 175 329 184 45 132 
180 123 277 113 189 551 255 88 148 199 254 58 101 359 308 95 147 214 296 122 175 329 184 45 131 
181 135 284 98 131 551 255 89 149 200 254 57 101 359 307 95 149 214 296 123 176 329 184 45 131 
182 122 276 113 191 551 255 88 149 199 255 57 100 358 307 95 149 214 296 122 174 328 184 45 132 
183 122 276 113 190 551 255 89 149 199 254 59 100 359 307 95 149 215 296 122 175 328 183 46 132 
184 122 277 113 189 551 255 89 149 200 255 58 100 359 308 94 148 215 297 121 174 327 183 47 132 
185 123 276 112 189 552 255 88 149 199 255 58 100 215 296 121 175 359 307 95 149 327 184 47 129 
186 122 277 114 188 552 255 88 150 200 255 58 99 358 311 100 160 215 296 121 175 326 185 46 128 
187 122 276 113 190 552 255 88 150 200 256 57 98 359 307 95 148 215 296 121 175 326 184 46 130 
188 134 284 98 132 551 254 89 150 200 256 57 98 214 295 121 176 359 307 95 148 325 184 46 131 
189 134 283 98 132 551 254 90 183 199 256 58 98 215 296 121 175 359 307 95 149 325 184 47 131 
190 135 283 98 133 551 255 88 149 201 256 59 98 202 301 140 167 359 308 95 148 324 185 48 130 
191 123 276 113 189 552 255 87 149 199 256 60 97 214 297 122 174 359 308 95 148 323 185 48 130 
192 140 284 98 99 123 276 113 189 551 254 89 183 201 257 59 97 214 297 122 174 358 307 95 148 324 186 48 128 
193 134 283 98 133 551 255 88 150 199 257 59 98 202 302 140 167 358 307 95 148 326 185 48 129 
194 134 283 98 133 551 255 88 150 199 257 60 97 201 303 141 166 358 307 96 150 327 184 48 128 
195 134 283 98 133 551 254 88 151 200 257 60 96 200 303 141 166 358 306 95 150 326 184 49 129 
196 134 283 98 134 551 255 88 150 200 257 59 95 200 302 142 168 359 307 95 149 326 184 51 130 
197 134 283 98 133 551 255 88 149 199 257 60 97 200 303 141 167 359 306 95 150 324 185 51 127 
198 134 282 98 135 551 255 89 181 199 257 60 97 200 301 142 169 358 307 95 148 323 185 51 127 
199 136 282 102 101 121 275 115 191 551 255 89 181 199 257 60 97 322 186 50 124 199 301 143 169 358 307 95 150 
200 137 283 102 100 121 275 115 190 551 255 89 181 199 258 58 97 322 188 49 123 201 301 141 168 358 307 95 149 
201 137 282 102 100 122 274 114 192 551 256 88 149 198 258 59 97 323 189 49 122 201 302 140 167 359 307 95 149 
202 138 283 101 98 123 275 114 191 551 256 88 149 199 258 58 96 323 189 49 122 200 301 141 169 358 305 96 152 
203 138 283 101 99 123 274 113 192 552 256 88 180 198 258 59 97 201 302 141 168 323 189 49 122 358 306 96 151 
204 137 283 101 98 122 274 113 194 551 256 88 148 201 259 54 95 202 302 139 168 323 189 49 121 359 307 95 149 
205 137 283 101 99 121 275 114 192 551 256 88 148 200 258 57 97 201 301 141 169 324 188 49 122 358 306 96 151 
206 138 282 100 101 122 274 113 193 552 256 87 180 200 258 57 97 201 300 140 169 324 188 49 121 358 305 96 152 
207 137 283 100 99 122 275 113 191 552 256 88 148 199 258 58 97 201 301 140 168 324 189 49 120 358 306 95 151 
208 122 275 113 191 551 257 88 147 198 258 60 98 323 189 50 121 201 301 140 168 358 306 95 151 
209 119 276 117 191 551 257 88 147 201 258 56 97 201 301 139 167 358 306 95 150 323 190 52 120 
210 119 276 117 190 551 257 88 146 202 258 55 96 323 189 52 121 358 306 95 151 200 301 141 169 
211 118 278 118 188 551 257 88 146 204 257 54 96 358 306 96 151 324 188 52 122 200 299 142 170 
212 117 279 120 187 551 257 88 147 205 257 54 95 358 306 96 150 324 188 52 122 199 300 142 170 
213 133 282 106 99 119 279 116 185 204 257 54 94 551 256 88 148 328 185 51 124 359 307 95 149 200 301 142 169 
214 118 280 119 185 550 257 90 146 204 258 53 93 359 306 95 150 330 183 51 125 200 299 143 172 
215 181 276 57 98 120 281 115 182 561 258 77 178 204 257 54 94 331 184 49 126 357 310 101 162 200 303 141 165 
216 180 277 57 97 136 284 104 98 120 282 115 181 204 257 54 93 567 257 71 182 332 184 52 127 358 311 100 161 199 304 141 164 
217 135 284 105 98 180 276 57 98 119 281 116 181 571 259 66 177 204 257 53 93 329 176 66 143 358 312 100 159 200 303 141 165 
218 136 285 104 97 181 277 57 96 120 282 115 181 577 258 60 178 204 257 54 93 357 311 101 160 329 173 68 148 199 303 141 165 
219 135 284 103 98 181 277 56 97 119 282 116 182 578 259 59 177 204 257 53 93 358 311 100 160 330 171 68 150 199 303 142 166 
220 134 285 104 97 182 277 56 96 119 283 115 180 580 258 57 178 204 257 53 93 358 311 100 160 199 304 141 164 330 173 69 145 
221 182 276 56 96 115 283 106 184 204 257 54 93 580 258 58 178 352 186 52 121 357 311 101 160 200 302 142 166 
222 181 276 57 96 118 282 118 181 580 259 58 178 204 257 53 93 356 187 51 123 357 312 101 159 200 302 143 167 
223 135 285 105 98 182 276 56 96 118 281 118 182 204 257 53 92 579 259 58 180 358 307 96 149 201 301 141 167 360 181 52 135 
224 183 274 56 97 118 282 119 183 580 258 57 181 204 257 52 92 358 307 96 149 200 302 142 167 357 179 65 143 
225 183 274 57 97 118 284 118 179 580 258 57 180 202 258 54 91 359 306 96 149 200 304 141 165 363 183 69 138 
226 183 274 56 97 118 281 118 184 580 257 57 181 203 258 54 91 356 317 102 154 200 304 142 165 362 185 75 137 
227 183 274 56 96 118 282 119 182 581 257 56 180 203 258 54 90 357 316 101 155 200 304 142 165 359 187 86 132 
228 183 275 57 95 119 283 117 181 203 260 54 89 581 257 56 180 200 304 142 165 357 314 101 157 363 188 87 133 
229 181 278 58 93 119 284 117 179 204 260 55 86 581 255 56 185 373 190 81 133 199 304 144 165 358 313 100 159 
230 119 283 116 181 205 260 53 83 580 254 57 186 395 187 67 142 199 303 144 168 358 314 100 157 
231 118 283 118 181 205 260 52 82 579 255 57 184 358 316 100 154 420 189 50 132 197 302 145 168 
232 180 280 56 90 118 284 117 179 205 260 53 83 579 254 57 185 425 191 50 133 358 313 100 157 199 303 143 165 
233 179 281 55 90 120 284 116 180 205 259 49 88 578 253 59 185 201 305 141 163 357 311 102 160 426 189 66 137 
234 179 281 55 90 120 285 114 178 206 260 50 87 579 254 58 183 201 308 142 161 357 313 102 158 426 194 74 131 
235 179 281 56 90 122 283 112 180 207 260 50 86 579 255 58 181 198 308 143 161 357 314 102 157 434 196 81 128 
236 121 282 113 180 206 260 47 84 579 255 58 182 201 307 130 167 357 310 102 161 434 196 85 129 
237 133 284 95 134 206 261 45 84 579 255 57 178 447 197 72 131 358 305 96 153 199 314 142 157 
238 121 278 113 188 477 196 51 128 205 261 48 86 578 254 59 182 200 317 141 153 358 305 96 152 
239 117 282 100 182 203 261 51 87 578 254 59 180 482 196 51 118 199 319 140 153 358 307 96 149 
240 120 278 116 186 201 261 54 85 579 251 59 188 484 199 76 145 202 323 139 148 358 306 96 150 
241 120 277 118 189 200 262 56 85 579 248 58 191 203 324 138 147 358 307 96 148 482 200 83 148 
242 119 276 119 191 200 262 56 86 576 248 62 168 202 324 138 147 358 307 96 149 478 199 94 154 
243 121 275 116 193 198 262 58 88 485 201 94 151 579 247 59 195 201 323 138 148 358 307 95 149 
244 133 281 99 139 577 246 61 197 531 203 52 136 197 261 57 89 358 307 96 149 201 321 138 150 
245 120 277 117 190 200 261 54 88 577 249 62 190 541 202 56 139 359 307 95 149 200 318 141 152 
246 122 280 116 183 205 261 53 87 575 249 63 188 200 314 142 156 540 203 70 138 359 307 95 149 
247 207 261 52 84 121 282 117 182 572 246 68 170 542 208 75 145 198 310 145 159 359 307 95 148 
248 123 281 115 181 207 261 53 84 576 255 63 178 544 212 75 143 197 311 146 159 359 307 95 148 
249 120 283 118 180 206 261 54 85 570 255 69 182 197 309 148 161 359 307 95 147 
250 596 218 42 76 120 283 116 180 206 261 54 86 568 256 71 179 197 308 148 163 359 307 95 148 
251 124 281 111 181 206 260 53 85 574 254 64 184 199 308 147 162 360 308 94 147 
252 121 282 117 181 205 260 54 87 572 258 66 176 215 292 123 180 360 307 94 147 
253 170 284 82 88 120 283 118 178 206 260 53 86 574 257 65 179 215 292 122 180 359 307 95 147 
254 170 286 83 89 121 283 117 180 207 260 52 85 214 291 123 182 573 259 65 176 359 307 95 148 
255 168 285 84 89 122 283 116 178 206 259 53 87 214 292 123 181 572 260 66 176 359 307 95 149 
256 169 285 82 88 121 282 117 180 207 260 50 82 212 290 126 183 359 307 95 148 571 264 68 171 
257 170 286 80 87 120 283 118 179 206 259 52 84 212 290 126 183 358 307 95 149 569 266 71 169 
258 168 286 81 86 125 282 111 179 206 259 51 83 212 290 127 183 567 268 72 165 359 308 95 147 
259 169 285 79 88 121 283 116 180 206 260 51 83 211 290 128 184 567 271 72 160 359 308 95 146 
260 170 285 79 88 120 283 117 180 206 260 51 83 567 273 73 158 211 290 128 183 359 307 95 148 
261 170 285 79 88 121 282 115 179 207 260 50 82 569 274 71 157 211 290 128 184 359 308 95 147 
262 176 281 60 94 121 282 116 181 573 276 66 157 206 259 50 84 210 290 129 183 359 307 95 148 
263 170 284 79 89 121 282 116 180 579 279 62 102 206 259 53 84 201 306 143 163 359 309 95 145 
264 170 285 79 88 582 285 58 128 121 282 117 179 206 260 51 84 200 305 144 164 358 307 95 148 
265 121 282 117 181 582 285 58 131 206 259 51 83 210 290 129 183 358 311 100 160 
266 124 283 112 177 581 289 58 127 205 259 51 83 201 305 144 163 358 311 100 159 
267 125 283 111 177 581 293 60 120 205 259 51 84 211 291 128 182 358 311 100 160 
268 125 283 112 177 582 293 60 118 205 259 51 84 210 291 129 182 359 308 95 146 
269 136 284 97 136 583 291 57 119 206 260 51 83 358 311 100 160 201 305 143 163 
270 125 283 111 177 205 259 51 83 201 306 144 163 359 309 94 145 
271 126 283 110 177 206 259 50 83 360 308 94 146 210 291 129 182 
272 124 283 113 178 206 259 51 83 359 308 94 146 210 290 130 183 
273 581 290 58 122 122 283 115 178 206 260 51 84 211 291 128 181 359 307 95 148 
274 171 285 79 86 568 280 71 146 122 283 114 177 206 260 51 82 200 306 142 163 360 308 94 147 
275 171 285 79 86 121 283 115 176 563 276 76 149 207 261 52 82 198 306 144 164 359 308 94 147 
276 121 282 116 180 556 277 84 145 206 261 51 81 197 304 145 166 359 308 95 147 
277 120 283 116 178 552 275 90 146 206 261 51 83 360 307 94 148 197 305 145 166 
278 121 281 115 182 550 276 91 145 206 261 51 84 359 308 95 147 198 305 144 165 
279 121 279 116 184 550 276 91 146 204 262 51 83 360 308 94 146 199 305 143 164 
280 120 278 116 186 551 277 89 145 203 262 53 84 199 307 142 163 359 307 95 148 
281 134 280 97 143 552 278 88 146 201 262 55 86 359 308 95 148 199 305 142 164 
282 124 278 113 186 553 279 87 144 200 261 56 85 359 308 95 147 199 307 142 162 
283 125 277 111 188 556 279 83 144 199 261 57 86 360 308 94 146 200 308 141 161 
284 555 279 84 144 126 277 111 189 198 261 57 87 359 311 100 160 201 308 142 160 
285 560 280 79 143 127 278 108 187 198 262 58 86 360 308 94 146 198 307 143 163 
286 563 282 76 139 126 278 110 186 198 262 58 87 360 308 94 146 199 308 143 162 
287 561 284 79 135 136 284 97 137 197 262 58 86 359 308 94 146 198 308 144 162 
288 561 285 78 136 137 284 95 138 198 262 57 86 360 308 94 146 197 307 145 162 
289 565 285 75 138 124 279 114 183 197 262 58 86 199 308 145 161 359 311 98 159 
290 567 284 73 140 124 278 113 185 197 262 59 86 360 308 94 147 198 306 144 164 
291 124 278 114 185 197 262 58 86 199 307 143 162 360 309 94 145 
292 124 278 115 185 197 262 58 86 200 308 144 162 359 311 99 160 
293 122 277 117 187 197 262 59 86 199 307 143 163 359 308 94 146 
294 122 277 117 187 196 262 59 87 199 307 143 163 360 308 94 147 
295 560 287 80 137 122 276 116 189 199 262 57 85 198 307 144 163 359 308 94 146 
296 558 287 82 137 121 277 115 187 200 262 54 82 199 307 143 163 360 308 94 146 
297 558 286 81 138 122 277 115 188 198 263 57 83 199 307 143 163 359 308 95 146 
298 558 286 82 138 122 278 113 187 199 263 57 85 359 308 95 145 199 305 143 166 
299 556 286 85 139 121 278 114 186 200 263 58 84 359 308 95 147 198 307 145 164 
300 557 286 83 139 121 277 115 187 199 263 56 85 359 308 95 147 199 305 145 166 
301 559 285 80 140 122 278 114 187 199 262 54 88 359 308 95 147 198 304 145 166 
302 560 286 81 140 123 279 111 185 201 262 53 85 359 309 95 145 198 304 146 166 
303 558 286 83 139 123 279 112 186 200 262 53 88 359 308 95 145 198 305 144 166 
304 557 286 83 140 122 279 113 186 201 262 51 86 359 307 95 148 197 303 145 169 
305 559 286 81 139 122 278 114 186 200 261 53 88 198 305 145 166 359 308 94 147 
306 559 285 81 139 124 278 112 185 198 261 55 89 197 305 145 166 359 309 94 144 
307 558 286 82 139 123 279 113 185 199 260 54 88 198 305 145 165 359 308 95 146 
308 557 285 83 141 123 279 113 185 199 260 52 89 198 303 144 167 359 308 95 145 
309 557 285 84 140 122 279 114 185 200 261 52 88 359 307 94 148 199 302 144 168 
310 559 285 81 140 124 279 112 183 199 260 53 89 359 307 95 147 199 302 144 169 
311 558 285 82 140 134 284 96 135 199 260 53 90 359 309 94 144 197 301 146 169 
312 556 285 84 140 134 285 95 135 199 261 53 86 359 311 98 159 198 302 144 168 
313 555 285 84 140 135 285 95 134 199 260 53 87 359 308 94 145 198 302 144 167 
314 557 284 83 141 126 281 110 180 199 260 53 88 360 308 94 145 199 302 144 169 
315 560 285 79 141 135 284 96 135 198 260 53 92 359 308 94 146 198 301 145 168 
316 556 285 84 141 135 283 95 136 197 260 54 94 360 309 94 144 198 301 146 169 
317 559 285 81 140 135 285 96 135 198 260 54 89 359 308 94 146 199 301 144 170 
318 558 284 82 142 135 284 97 136 198 260 54 90 359 309 94 144 198 301 146 168 
319 555 284 86 142 135 285 95 135 197 260 56 90 359 311 99 159 199 303 145 166 
320 561 283 79 143 135 284 94 137 197 260 55 91 359 312 99 158 198 303 145 166 
321 559 282 80 145 128 280 109 183 197 259 55 93 200 303 144 164 359 309 94 144 
322 136 284 95 136 197 260 55 92 359 311 99 159 199 304 145 164 
323 127 280 109 183 197 260 56 92 199 303 145 165 359 312 99 158 
324 563 281 77 146 135 284 96 136 197 260 55 92 198 302 145 167 359 311 99 159 
325 562 283 78 144 125 280 110 183 196 260 56 91 360 308 94 146 197 301 145 169 
326 125 281 110 181 197 261 54 90 359 308 94 145 197 301 145 169 
327 561 283 79 143 125 281 109 182 197 261 55 92 198 301 144 168 359 311 99 159 
328 122 280 113 184 197 261 56 92 197 300 144 171 359 308 94 145 
329 559 283 81 144 123 281 113 182 198 261 54 89 359 307 95 147 197 300 144 171 
330 122 281 112 182 197 261 55 90 359 308 95 147 198 299 144 171 
331 122 281 113 183 197 261 55 90 198 300 143 170 360 308 94 146 
332 123 281 112 182 197 260 55 91 199 300 143 170 360 308 94 145 
333 121 280 115 184 197 260 56 90 198 300 144 170 359 308 95 147 
334 123 281 113 181 198 261 54 88 198 300 145 171 360 308 94 147 
335 123 281 112 182 198 261 55 89 197 300 145 170 359 308 94 146 
336 122 281 114 182 198 261 54 89 198 300 144 169 359 308 95 147 
337 122 280 113 184 197 261 56 89 214 291 122 182 359 308 94 145 
338 122 281 114 183 198 261 54 89 199 300 143 170 359 308 94 146 
339 122 280 114 183 198 261 55 90 198 301 144 169 359 308 95 146 
340 122 281 114 183 198 261 54 89 199 301 143 169 359 308 94 146 
341 121 280 114 182 199 261 54 89 198 300 144 170 359 308 94 146 
342 123 280 113 184 198 262 55 88 199 301 144 169 360 308 94 146 
343 123 280 113 183 198 261 55 90 200 302 143 167 359 307 94 147 
344 122 279 114 184 199 261 55 90 199 301 143 168 360 308 94 146 
345 121 279 116 184 199 261 54 91 199 302 143 167 360 308 94 147 
346 124 280 112 184 198 261 55 90 214 292 122 180 360 309 94 145 
347 122 279 114 186 198 262 55 90 199 303 143 166 360 308 94 145 
348 122 279 114 185 199 261 55 90 199 303 143 166 360 308 94 145 
349 121 278 115 187 199 261 55 90 200 302 143 167 359 308 94 147 
350 125 279 112 184 198 261 56 92 200 303 143 165 360 308 94 145 
351 124 279 112 184 198 261 56 91 200 302 143 167 360 308 94 147 
352 124 279 112 185 197 261 57 91 200 303 143 165 360 309 94 144 
353 124 279 112 185 196 261 57 90 200 304 143 164 359 311 99 160 
354 122 278 113 186 195 261 59 91 199 303 144 166 360 309 94 145 
355 123 278 111 185 198 261 56 90 198 303 143 166 359 308 94 145 
356 124 278 111 185 199 262 55 87 198 302 144 166 359 311 99 160 
357 122 280 113 182 200 262 54 85 359 308 94 147 198 302 144 167 
358 122 280 113 183 203 262 51 86 360 309 94 145 198 303 146 165 
359 123 281 110 180 203 263 52 82 360 308 94 146 201 305 143 163 
360 134 284 96 134 203 263 50 81 359 311 98 159 213 295 123 177 
361 123 284 110 177 203 264 50 77 212 297 123 174 359 312 98 159 
362 176 279 59 92 122 284 111 177 203 264 51 77 200 311 141 159 359 309 94 144 
363 177 279 59 91 123 284 111 176 204 264 49 75 200 312 140 158 359 312 98 158 
364 122 283 111 179 204 263 45 72 199 307 132 168 359 308 95 146 
365 121 285 113 175 205 263 46 74 359 308 95 146 199 307 132 168 
366 116 282 102 184 206 262 46 75 199 309 132 167 359 308 95 146 
367 122 284 113 179 205 262 46 76 199 310 132 165 359 308 95 147 
368 123 286 112 176 204 262 48 75 200 311 131 163 359 308 95 147 
369 122 286 113 175 206 263 48 73 199 311 131 164 359 308 95 146 
370 122 285 111 178 206 262 48 73 199 310 131 165 359 308 95 146 
371 122 285 111 178 205 262 48 76 199 309 132 166 359 308 95 145 
372 121 286 113 175 204 262 48 75 359 308 95 146 199 306 131 170 
373 117 282 102 186 205 263 48 77 199 304 131 172 360 308 94 145 
374 184 282 52 88 120 285 114 176 205 263 49 81 195 306 143 164 359 308 95 146 
375 205 263 47 82 121 285 113 178 360 308 94 146 196 303 144 166 
376 122 286 113 174 205 263 46 79 359 311 98 160 196 301 145 168 
377 206 263 49 75 122 286 112 175 358 311 99 159 195 301 146 169 
378 182 283 54 82 117 284 101 181 206 263 51 76 359 309 95 145 194 302 147 170 
379 117 284 101 181 206 264 51 74 359 311 99 160 195 303 147 168 
380 122 285 111 176 205 264 51 76 359 308 94 146 196 304 147 166 
381 122 284 111 178 205 264 52 77 359 308 94 145 211 290 127 186 
382 180 283 52 84 121 284 113 178 206 264 53 77 359 308 94 146 210 290 128 184 
383 180 279 55 89 117 284 101 182 204 263 55 82 197 305 147 165 360 308 94 145 
384 179 280 58 91 117 285 101 180 205 264 56 83 197 304 146 167 359 308 94 145 
385 179 279 56 92 120 284 114 178 205 263 56 86 212 292 125 182 359 308 95 146 
386 179 280 56 90 116 285 102 180 205 263 54 86 359 308 95 146 198 306 145 163 
387 180 279 56 91 116 285 102 180 205 263 54 85 360 308 94 145 199 305 143 165 
388 178 280 56 88 116 285 102 181 206 264 54 80 360 309 94 145 197 306 145 164 
389 179 280 54 88 117 284 101 182 205 264 56 81 360 308 94 145 195 308 149 162 
390 180 279 55 91 122 286 110 174 205 264 57 83 360 309 94 145 197 308 147 161 
391 123 285 109 176 204 264 56 81 360 309 94 144 197 308 146 162 
392 123 283 109 179 204 264 56 81 360 309 94 144 196 307 145 163 
393 123 284 109 177 204 264 56 82 360 309 94 144 198 308 142 162 
394 122 284 111 178 204 264 57 85 360 309 94 144 205 290 125 186 
395 123 284 111 178 203 263 57 87 360 309 94 145 206 290 119 187 
396 122 285 111 177 202 264 58 87 360 309 94 144 207 291 116 184 
397 122 283 112 180 202 263 58 87 360 309 94 144 208 293 116 182 
398 133 287 94 132 203 264 58 85 360 309 93 144 208 294 115 179 
399 122 284 111 178 202 264 57 85 360 309 94 144 205 304 119 173 
400 121 285 113 179 203 264 55 84 360 309 94 144 205 304 120 173 
401 119 284 116 180 203 264 54 82 359 308 94 146 205 306 121 170 
402 119 285 117 178 203 264 55 83 359 308 94 147 205 306 121 171 
403 117 284 102 181 203 264 55 82 360 308 94 146 205 306 121 170 
404 117 285 103 180 202 264 55 81 360 308 94 146 205 307 121 170 
405 182 275 55 93 117 285 102 179 201 264 55 83 360 309 94 145 205 306 120 170 
406 183 276 55 93 131 289 96 130 202 264 54 85 359 308 95 146 205 306 121 170 
407 183 275 55 94 201 265 53 83 120 287 115 175 360 308 95 146 205 306 121 170 
408 183 275 55 93 132 288 97 130 201 264 53 84 360 308 94 145 205 306 121 170 
409 183 274 56 95 132 289 97 129 201 264 53 83 360 308 94 146 205 307 120 169 
410 132 288 97 130 202 264 53 82 360 308 95 146 204 307 121 169 
411 181 275 57 93 133 288 96 129 201 264 53 81 361 308 94 145 205 307 119 170 
412 181 275 58 93 133 287 96 130 201 264 52 81 360 307 94 148 205 307 119 171 
413 181 276 58 92 133 287 96 130 201 264 52 79 361 308 94 147 205 307 120 170 
414 133 287 96 130 201 265 53 80 360 308 94 146 204 306 121 171 
415 134 286 96 131 201 265 54 80 361 307 94 148 204 307 121 169 
416 180 275 58 93 134 286 96 131 201 265 54 79 360 307 95 149 204 307 121 170 
417 134 286 96 131 201 265 54 80 360 307 95 148 204 307 121 170 
418 180 274 58 95 134 285 95 132 201 265 54 81 361 307 94 148 204 307 122 170 
419 180 274 59 95 133 285 97 134 201 265 55 80 361 307 94 147 204 307 122 170 
420 180 274 59 95 134 285 95 134 201 265 55 80 361 308 94 146 204 307 121 169 
421 179 274 60 96 135 285 96 133 201 265 55 82 362 308 94 145 204 307 121 170 
422 179 275 59 94 134 285 95 134 201 265 54 81 361 308 94 146 204 307 122 171 
423 179 274 59 95 134 285 95 133 201 265 55 81 361 308 94 146 203 307 122 170 
424 134 285 96 135 201 265 55 80 361 306 94 150 204 307 122 170 
425 179 274 59 96 134 285 96 133 200 264 55 82 360 307 94 150 204 307 122 169 
426 134 285 96 135 200 264 55 85 361 306 94 151 203 307 123 170 
427 135 284 96 135 200 264 55 85 361 306 94 152 203 307 122 170 
428 132 281 97 141 196 263 61 89 360 306 94 151 203 307 122 170 
429 131 281 97 139 194 263 63 90 360 307 94 149 203 307 122 169 
430 560 269 78 163 132 280 97 142 194 263 63 91 361 307 94 149 203 307 123 170 
431 559 259 79 178 130 281 99 139 195 263 62 88 360 308 94 147 203 307 124 169 
432 558 254 81 185 131 279 97 143 195 263 61 90 360 308 95 147 202 307 125 169 
433 557 254 80 183 131 279 98 144 194 262 62 92 361 308 94 147 202 308 125 169 
434 557 251 81 187 132 281 98 142 195 263 61 92 361 308 94 146 202 307 125 169 
435 556 252 81 186 131 281 99 142 195 263 62 93 360 308 95 148 202 307 125 169 
436 132 282 99 140 555 250 83 190 195 263 62 92 360 308 95 148 203 307 124 168 
437 133 283 97 138 555 250 83 191 196 263 61 91 359 309 100 163 202 308 126 168 
438 554 251 84 190 134 284 97 137 195 263 61 91 360 311 100 162 202 308 126 168 
439 554 251 85 189 134 284 97 138 195 263 61 91 360 310 100 162 202 307 126 169 
440 554 252 84 187 134 285 97 137 195 263 61 92 362 308 96 147 202 307 125 169 
441 554 252 85 188 124 281 114 184 195 263 62 92 362 309 95 145 202 307 125 168 
442 555 252 84 187 133 285 97 137 195 263 61 91 361 310 94 143 203 308 124 167 
443 554 251 85 188 123 280 114 184 195 263 62 92 361 309 94 145 203 307 124 168 
444 555 252 84 187 133 285 97 138 195 263 61 91 361 313 97 157 203 308 124 168 
445 554 252 85 188 134 285 96 137 196 263 61 91 360 309 95 145 203 308 124 168 
446 554 252 85 188 133 285 96 137 196 263 61 92 360 312 98 158 202 308 125 168 
447 553 252 85 187 134 285 95 136 196 263 61 92 360 311 98 160 202 308 125 169 
448 554 252 85 188 133 284 96 138 196 263 61 92 359 311 99 160 202 307 126 169 
449 553 252 86 189 136 285 94 134 195 263 61 92 359 310 99 163 202 307 125 170 
450 553 253 85 187 134 286 96 134 195 263 61 91 359 311 98 162 203 308 125 168 
451 553 253 86 188 133 286 96 134 196 263 61 90 359 311 98 161 203 308 125 169 
452 554 253 85 186 134 286 95 131 197 263 61 89 359 311 98 161 202 308 125 169 
453 555 253 84 186 134 285 94 132 197 263 61 89 359 308 96 148 203 307 125 169 
454 556 255 83 184 137 286 94 129 197 264 60 88 358 308 97 146 203 307 124 169 
455 555 254 83 185 136 286 94 129 196 264 61 89 359 308 96 145 203 307 123 169 
456 554 255 84 183 135 285 95 132 196 264 62 90 359 309 96 144 204 307 122 169 
457 554 254 85 186 135 284 94 132 196 264 62 89 359 309 96 144 204 307 123 169 
458 553 254 85 186 134 283 95 134 196 264 62 89 359 308 96 146 203 308 123 168 
459 554 252 85 189 136 284 94 132 197 264 61 88 359 308 96 147 204 308 123 169 
460 553 252 86 190 135 283 95 135 196 264 62 90 359 311 98 161 203 308 124 168 
461 554 253 85 188 135 283 96 134 196 264 61 89 359 311 98 162 203 307 124 169 
462 553 252 86 190 135 283 95 134 196 263 61 89 359 311 97 160 203 307 124 169 
463 553 253 86 189 134 284 96 134 196 264 61 89 360 312 97 158 203 308 124 169 
464 553 253 86 187 136 285 94 131 196 264 62 90 360 312 97 159 203 307 124 170 
465 554 254 86 185 134 285 95 132 196 264 61 90 360 312 96 159 203 307 124 170 
466 553 254 86 186 135 285 94 130 197 263 61 89 359 308 95 146 203 307 124 170 
467 554 255 85 184 135 285 95 131 197 263 61 90 359 308 96 146 203 308 124 168 
468 553 254 86 185 135 285 95 132 196 263 61 90 359 308 96 147 203 307 123 169 
469 554 253 86 187 135 286 95 130 196 264 61 89 360 312 97 159 203 308 124 169 
470 554 253 86 186 136 286 95 129 196 263 61 89 359 312 97 160 203 308 124 169 
471 553 252 86 189 136 285 95 130 196 263 61 90 361 312 96 160 203 307 124 170 
472 554 253 86 187 135 285 95 130 197 263 60 90 360 311 96 161 204 308 123 169 
473 554 252 86 188 136 284 95 130 196 263 60 89 360 311 96 162 203 308 123 169 
474 554 251 86 191 136 284 95 133 196 263 60 90 360 312 96 159 203 308 123 169 
475 554 252 85 189 134 284 97 132 196 263 60 89 360 308 94 147 203 308 125 169 
476 553 251 86 192 134 283 96 134 196 263 60 89 360 308 94 146 203 308 125 168 
477 556 253 82 188 133 284 97 133 197 264 60 89 360 309 94 145 203 309 125 167 
478 562 255 75 184 133 284 97 133 196 264 60 89 360 309 94 145 203 308 125 167 
479 558 255 79 184 133 283 97 134 197 264 59 87 360 308 94 146 203 308 125 168 
480 556 260 82 176 134 284 97 133 197 264 59 86 361 308 94 146 203 309 124 167 
481 561 234 78 187 134 283 97 133 196 264 60 88 361 307 94 148 203 308 125 168 
482 134 284 97 133 197 264 60 88 361 307 93 149 203 308 125 168 
483 133 284 96 133 196 264 60 87 361 309 96 163 203 308 126 167 
484 133 285 97 132 196 264 61 89 359 305 95 152 203 309 125 167 
485 133 284 97 133 196 264 61 88 360 307 94 148 203 309 125 167 
486 133 285 96 131 196 264 61 88 360 307 94 149 203 309 125 167 
487 133 284 97 131 196 264 60 87 361 307 94 148 203 309 125 167 
488 135 285 95 130 196 264 60 88 361 307 94 146 203 309 125 166 
489 134 286 96 129 196 264 60 86 361 307 93 147 203 309 125 167 
490 134 285 95 131 196 264 60 87 361 307 93 147 203 309 125 167 
491 135 285 95 130 196 264 60 88 363 307 92 147 203 309 124 168 
492 135 285 95 130 196 264 60 88 363 307 92 147 203 309 124 166 
493 133 284 97 132 195 264 61 88 364 307 91 148 203 309 124 166 
494 137 286 93 129 194 266 64 103 364 308 91 147 203 309 124 166 
495 136 286 94 129 195 264 60 89 365 308 90 147 204 309 122 166 
496 136 286 93 129 195 264 60 89 366 308 90 146 204 309 122 166 
497 135 285 93 131 194 263 61 91 365 309 91 146 203 309 123 167 
498 136 285 92 131 194 263 62 91 366 309 90 145 203 309 123 167 
499 135 285 93 128 194 263 61 90 366 309 91 145 203 309 123 167 
500 561 275 78 155 135 286 93 130 195 263 61 90 367 309 92 145 203 309 124 168 
501 560 272 78 160 135 286 93 129 194 263 62 92 367 308 95 147 204 309 122 166 
502 561 272 78 160 134 285 95 131 195 262 61 91 371 309 100 147 204 309 123 167 
503 558 266 81 167 136 286 93 130 195 262 61 92 369 311 106 163 204 309 122 167 
504 558 260 81 174 135 285 94 132 195 262 61 92 369 312 106 163 204 309 122 167 
505 557 256 81 180 135 285 94 132 194 261 61 93 370 308 102 147 204 309 122 166 
506 555 253 83 184 135 286 94 130 195 261 60 91 370 309 102 145 204 308 122 168 
507 554 253 85 183 134 285 95 133 195 261 60 90 369 313 105 162 203 309 124 166 
508 554 253 85 186 132 284 97 134 196 261 58 89 373 308 98 144 203 309 124 167 
509 554 253 85 186 132 281 98 141 196 260 59 90 374 308 97 144 202 308 126 167 
510 132 278 96 143 197 260 58 89 552 252 87 187 372 307 99 144 202 308 125 168 
511 553 253 86 185 131 279 99 142 195 259 59 91 373 308 99 144 203 309 124 167 
512 129 281 99 141 553 253 86 187 188 259 58 93 373 307 99 145 203 308 124 168 
513 117 282 101 184 553 253 85 186 196 259 59 90 372 307 100 147 203 308 124 168 
514 128 283 101 140 554 253 84 185 196 259 59 87 373 308 98 145 203 307 124 169 
515 117 285 101 177 553 253 85 186 187 259 58 89 372 307 99 146 203 307 124 169 
516 129 286 100 136 552 253 87 185 186 259 58 87 373 307 99 146 203 307 124 169 
517 129 286 102 134 185 259 58 85 552 252 87 188 374 307 99 148 203 308 122 168 
518 132 287 99 132 552 252 87 188 182 257 60 89 373 306 99 149 203 307 122 170 
519 132 288 99 131 553 251 86 189 181 258 61 88 373 306 100 149 204 307 121 168 
520 133 288 98 130 552 251 88 190 180 259 60 86 374 306 98 148 204 308 121 168 
521 133 289 97 129 178 258 59 84 553 251 86 190 374 306 98 148 204 307 121 168 
522 131 298 103 94 117 289 101 170 177 257 58 85 553 252 85 188 375 307 97 148 205 308 121 167 
523 132 290 98 128 177 257 57 84 552 251 87 189 374 306 98 148 204 308 122 168 
524 133 291 97 126 179 258 55 82 553 252 86 189 374 307 98 147 204 307 122 169 
525 133 290 97 128 557 254 81 181 180 259 56 84 374 306 98 148 205 308 121 168 
526 132 291 97 126 181 260 57 83 558 253 80 184 374 307 98 147 204 308 121 168 
527 121 291 113 165 180 259 57 84 554 258 86 176 374 307 98 146 204 308 122 168 
528 559 243 81 169 132 290 97 127 181 260 56 84 374 308 98 147 204 307 122 168 
529 560 245 80 165 122 291 113 166 181 260 56 83 374 308 98 146 205 308 122 167 
530 564 266 76 163 120 290 114 169 181 260 55 82 373 307 99 147 204 308 124 168 
531 567 270 75 159 121 291 114 166 181 260 56 83 373 307 99 148 204 308 124 168 
532 599 286 40 132 181 261 54 81 121 290 113 168 372 307 99 147 204 308 123 168 
533 120 291 114 166 181 261 55 82 373 307 99 147 204 308 123 169 
534 181 262 54 81 121 290 113 169 373 306 99 149 204 307 123 169 
535 182 262 53 79 120 290 114 167 372 306 99 149 204 308 123 169 
536 181 262 54 80 120 289 114 169 373 306 98 149 204 308 123 168 
537 182 262 53 80 120 290 114 169 373 306 98 149 204 308 122 168 
538 182 262 53 80 116 286 103 178 372 306 98 149 204 308 122 168 
539 182 262 54 81 120 289 115 170 372 306 98 150 204 308 123 168 
540 181 262 55 82 121 290 114 169 373 307 97 149 204 308 123 167 
541 183 262 54 81 121 290 113 168 373 306 98 149 204 308 122 168 
542 181 262 55 82 121 290 114 168 373 306 97 149 204 308 123 168 
543 182 262 53 80 116 286 103 177 373 306 97 150 204 307 123 169 
544 182 263 54 81 120 289 115 170 373 307 97 148 205 308 122 168 
545 181 263 53 80 120 289 114 171 372 306 98 149 204 308 122 168 
546 182 263 52 80 120 290 114 169 372 306 99 150 204 308 122 168 
547 181 262 52 81 134 291 94 127 373 306 98 149 205 307 121 169 
548 181 262 53 81 123 292 110 163 374 307 97 147 205 307 121 169 
549 182 263 52 80 133 291 94 127 374 307 98 148 205 307 121 168 
550 182 262 54 81 133 291 94 126 374 307 98 148 204 307 122 168 
551 182 263 53 80 123 292 110 163 373 307 99 149 205 307 121 169 
552 182 263 53 80 133 291 94 126 373 307 98 149 205 307 121 169 
553 182 263 53 80 133 292 95 125 373 307 97 147 205 308 121 167 
554 182 263 54 82 117 287 102 176 373 306 98 149 204 308 122 168 
555 181 263 53 80 121 292 113 165 373 306 98 149 204 307 123 169 
556 555 284 86 144 182 263 53 81 120 291 113 167 373 307 98 149 204 308 123 168 
557 181 263 53 80 121 292 113 166 372 306 98 150 204 308 123 168 
558 181 263 52 80 120 292 113 167 373 306 98 150 204 308 123 169 
559 181 263 53 80 117 287 102 176 373 306 98 150 204 308 123 169 
560 180 263 53 80 117 287 101 177 373 306 98 149 204 307 123 169 
561 181 263 52 80 123 292 110 163 374 306 97 149 205 308 121 167 
562 181 262 53 81 123 293 109 163 374 306 97 149 205 308 121 167 
563 182 262 53 81 123 292 111 164 373 306 98 150 204 307 122 168 
564 181 262 52 80 123 294 109 161 373 306 98 150 204 307 122 169 
565 181 262 52 81 124 293 109 162 373 306 97 149 205 308 121 167 
566 181 262 53 81 124 294 108 160 373 306 99 150 205 308 121 168 
567 180 262 53 81 123 294 110 160 373 306 97 149 204 307 121 168 
568 180 262 53 80 121 293 112 164 372 306 99 150 204 307 123 169 
569 180 261 54 82 121 293 112 163 373 306 99 149 204 308 123 169 
570 180 261 53 82 121 292 112 165 372 306 99 149 204 307 123 169 
571 180 261 54 82 121 293 112 162 373 306 98 150 204 308 123 169 
572 180 260 54 82 121 292 112 165 372 306 99 150 204 307 122 169 
573 180 260 54 83 121 292 112 164 372 306 99 151 205 308 122 169 
574 181 260 53 83 117 287 102 175 372 306 99 150 205 307 121 170 
575 180 260 52 82 121 292 112 166 373 307 99 149 205 307 121 170 
576 181 259 51 83 121 291 111 168 372 306 100 151 205 307 122 170 
577 180 259 53 85 121 291 112 169 372 306 99 150 204 307 122 170 
578 180 259 53 84 121 291 111 167 373 306 99 150 205 308 121 169 
579 180 260 54 84 117 287 102 176 373 306 98 149 204 308 122 169 
580 180 259 53 86 120 290 112 170 373 306 98 150 204 307 122 169 
581 122 292 110 164 180 260 51 83 373 306 99 150 205 308 122 168 
582 180 260 52 83 123 291 110 165 372 306 99 150 205 308 121 168 
583 181 260 51 83 121 290 112 168 372 306 98 151 204 308 122 169 
584 180 260 52 83 122 292 110 165 373 305 98 151 204 308 123 168 
585 555 284 86 144 181 260 51 83 121 291 111 167 373 305 98 151 204 308 123 169 
586 554 285 86 142 180 260 51 84 124 291 108 165 373 306 98 149 204 308 122 168 
587 180 260 52 84 123 292 109 164 373 306 97 149 204 308 122 168 
588 180 259 52 84 122 290 110 168 373 307 97 147 204 308 122 168 
589 181 260 52 83 123 290 109 168 373 307 98 147 204 307 122 169 
590 181 259 52 84 133 290 93 129 374 307 96 147 204 307 122 170 
591 181 260 53 84 124 291 108 166 373 307 98 148 204 308 122 168 
592 180 260 53 84 124 291 108 164 373 307 97 147 204 307 121 168 
593 180 259 52 85 124 291 109 166 374 307 97 147 204 307 122 168 
594 180 260 53 84 124 290 110 167 374 307 97 149 204 307 122 168 
595 182 261 52 80 123 290 110 170 374 308 97 147 204 308 122 167 
596 182 261 52 80 123 291 109 166 374 308 96 146 204 308 122 168 
597 182 262 52 78 123 292 109 164 374 308 97 146 204 308 122 168 
598 183 262 51 78 117 286 101 177 373 314 99 158 204 308 123 167 
599 184 262 51 79 121 290 111 168 373 315 99 156 205 308 122 169 
600 185 262 51 78 121 291 112 167 375 315 97 157 205 308 122 168 
601 556 281 85 146 184 262 52 80 121 291 111 166 374 316 99 156 204 308 123 168 
602 555 281 85 146 185 261 51 79 120 291 113 168 373 316 100 155 205 308 121 169 
603 183 261 52 79 555 282 85 143 121 291 111 166 374 316 99 155 205 308 121 169 
604 182 261 53 79 553 283 86 142 121 291 111 166 374 315 99 156 205 308 121 169 
605 182 261 53 79 553 283 86 143 121 291 112 167 375 315 99 157 205 308 122 168 
606 183 260 52 79 554 283 85 143 121 291 112 168 375 316 98 155 205 308 121 169 
607 183 260 52 80 121 290 112 168 554 283 86 143 375 316 97 155 205 308 121 169 
608 182 261 51 78 553 282 86 144 121 291 111 167 375 316 98 155 204 308 122 169 
609 181 260 52 81 121 292 111 164 553 280 85 147 374 317 97 153 205 308 121 169 
610 182 260 52 81 120 291 113 168 552 281 86 147 374 318 97 152 205 308 121 168 
611 181 260 54 81 120 292 113 164 553 280 86 147 374 318 97 152 204 308 121 168 
612 182 260 54 81 121 292 112 164 552 277 86 151 374 318 97 153 204 309 122 167 
613 183 261 53 81 121 293 112 163 552 277 85 152 374 318 98 152 204 308 122 168 
614 182 260 54 82 120 292 113 165 550 275 88 154 374 318 97 151 203 309 123 167 
615 183 260 54 83 121 293 113 164 550 274 89 155 374 318 97 152 204 309 123 167 
616 182 260 55 84 121 293 112 165 551 275 88 154 374 318 97 152 204 308 123 168 
617 182 259 54 83 121 293 112 165 551 275 88 153 375 318 97 152 204 309 123 167 
618 181 259 54 84 121 293 112 165 550 276 89 151 374 318 97 151 204 308 122 168 
619 182 258 52 84 121 291 112 166 550 277 89 150 375 318 97 152 204 308 123 168 
620 183 258 53 84 120 291 113 167 549 275 89 153 374 318 97 152 204 308 122 168 
621 183 258 53 85 120 291 113 169 549 276 90 151 374 317 98 153 204 308 123 168 
622 183 258 53 84 121 291 113 167 548 275 91 153 374 317 97 154 204 308 122 168 
623 183 257 53 85 121 292 113 166 549 276 90 152 373 317 99 153 204 308 122 168 
624 182 258 53 85 121 291 112 167 549 276 89 152 374 316 97 153 204 308 122 168 
625 183 258 52 84 121 292 112 165 550 275 88 151 374 316 97 155 204 308 123 168 
626 183 258 52 85 120 290 114 171 550 275 88 151 375 317 97 152 204 308 122 168 
627 184 258 52 84 120 289 114 171 551 275 87 152 374 317 97 153 204 308 121 168 
628 183 258 52 84 120 290 113 170 551 277 87 150 374 316 98 155 204 308 122 167 
629 184 258 53 84 122 291 111 166 552 279 85 147 375 315 97 157 204 308 121 168 
630 184 259 53 84 122 291 111 168 552 280 85 147 374 314 97 158 204 308 121 167 
631 184 258 52 85 120 291 113 168 552 280 85 146 375 312 94 140 204 308 123 168 
632 183 258 53 86 121 291 111 168 552 279 85 147 374 314 98 157 203 308 123 167 
633 184 259 53 84 122 291 110 167 551 278 86 148 374 314 97 158 203 308 123 168 
634 184 258 52 85 117 286 102 177 552 278 85 147 375 312 94 139 203 308 123 168 
635 183 259 53 86 120 290 112 170 552 277 85 149 375 312 94 138 203 308 123 169 
636 183 258 53 85 121 290 111 167 551 276 87 151 375 313 94 137 203 308 123 168 
637 183 259 51 84 120 289 112 172 550 276 88 152 375 312 94 139 204 308 123 168 
638 182 259 51 85 117 286 102 178 551 276 88 153 375 312 94 138 203 308 123 169 
639 182 259 53 85 120 289 113 172 551 276 87 153 374 313 97 159 204 308 123 169 
640 183 259 52 86 120 289 113 173 552 277 86 151 375 312 95 139 203 308 123 169 
641 184 259 52 84 120 289 113 172 552 278 86 150 375 312 94 138 203 308 123 168 
642 184 258 52 84 120 288 113 173 552 279 86 149 375 313 94 137 203 308 124 169 
643 120 288 113 175 552 281 85 146 374 314 97 158 204 308 123 169 
644 184 259 51 83 553 282 84 144 121 289 112 172 375 313 94 138 204 308 122 168 
645 184 259 52 85 122 288 112 172 552 280 85 146 376 313 94 137 204 309 122 167 
646 184 259 52 83 121 290 112 169 553 280 85 148 375 314 97 158 204 308 121 167 
647 184 259 52 83 122 291 111 166 552 280 86 148 375 314 97 157 204 309 122 167 
648 183 259 53 83 122 290 111 168 552 281 86 147 376 313 93 138 204 309 123 167 
649 183 259 53 83 123 291 109 165 552 281 87 147 376 313 93 138 204 309 123 167 
650 183 259 52 83 122 290 111 168 552 281 86 148 375 314 96 158 204 309 122 167 
651 183 259 53 83 122 291 112 168 552 281 86 147 376 314 95 159 204 308 122 167 
652 182 260 53 84 122 289 112 169 552 281 86 149 376 313 93 137 204 307 122 170 
653 182 259 54 85 122 290 113 169 551 280 86 151 376 313 93 137 204 306 122 170 
654 122 292 112 164 552 280 86 150 376 313 93 137 203 305 122 171 
655 182 260 53 83 122 290 111 167 552 280 86 151 375 315 96 158 207 298 116 172 
656 182 260 54 85 122 291 111 165 552 281 86 149 376 313 94 137 206 297 115 173 
657 182 259 55 86 121 292 113 165 552 282 86 148 375 313 94 138 207 297 115 174 
658 181 259 56 86 121 290 114 167 551 281 87 150 375 312 94 139 207 296 114 174 
659 182 259 55 87 120 290 115 167 552 282 86 147 375 315 97 156 207 296 114 174 
660 183 259 56 86 120 291 115 167 552 282 86 147 375 313 94 137 208 296 113 175 
661 182 259 56 86 121 290 113 167 552 283 87 146 374 315 97 155 208 295 113 176 
662 182 259 56 87 122 292 112 163 551 283 87 145 375 313 94 136 207 296 113 175 
663 182 260 55 85 122 292 112 163 551 283 87 142 375 313 94 137 207 295 114 176 
664 182 259 55 86 121 292 113 164 552 283 86 138 375 313 94 137 207 295 114 176 
665 182 258 56 87 122 293 113 161 553 284 85 141 375 313 94 138 208 295 114 176 
666 182 259 57 87 554 284 86 141 123 293 111 159 375 313 93 137 208 295 113 176 
667 181 258 58 88 551 284 91 139 124 292 110 161 374 316 97 155 208 295 111 176 
668 182 258 58 88 124 294 110 159 550 285 92 139 375 313 94 137 208 294 111 178 
669 554 283 86 142 181 258 59 89 124 294 109 157 374 315 97 156 208 295 112 177 
670 561 282 77 143 181 257 58 89 124 293 110 160 374 316 97 155 208 294 111 178 
671 180 257 58 90 125 294 108 157 374 316 97 155 207 294 112 177 
672 562 284 77 145 181 257 58 89 123 293 110 160 374 315 97 156 208 294 112 177 
673 180 258 58 88 124 293 109 160 560 283 79 145 374 316 98 155 208 294 112 178 
674 181 257 59 89 560 283 79 145 124 293 109 161 374 315 97 157 208 294 112 177 
675 181 257 58 89 124 293 109 161 560 282 78 149 375 314 94 136 208 294 111 177 
676 181 257 58 89 124 294 109 157 563 282 76 147 374 315 97 156 208 294 112 177 
677 180 257 58 89 124 293 109 160 562 283 77 144 374 314 98 159 208 294 112 178 
678 181 257 58 89 559 283 79 143 124 293 109 160 374 315 98 157 208 294 111 178 
679 181 257 58 89 557 285 82 137 124 294 109 159 374 315 98 157 208 294 111 177 
680 181 257 58 89 562 284 77 143 124 293 109 160 374 315 98 158 207 294 112 177 
681 181 257 58 89 560 285 79 140 124 293 110 161 374 315 98 157 208 294 112 177 
682 181 258 58 89 558 285 81 139 124 293 109 160 375 316 97 156 208 295 112 175 
683 181 257 58 89 555 287 84 137 124 293 109 158 375 316 96 156 208 295 111 176 
684 181 258 57 88 124 293 109 160 555 287 85 137 374 316 97 155 208 295 112 175 
685 180 257 58 90 123 293 110 160 558 286 81 138 374 316 98 155 208 294 111 177 
686 180 257 58 90 560 285 79 140 123 293 110 160 374 316 97 155 207 295 113 176 
687 180 257 58 90 123 293 110 159 558 285 81 139 374 316 97 155 207 295 112 176 
688 180 257 58 90 123 293 110 160 555 285 84 140 376 314 93 136 207 295 112 175 
689 181 257 58 89 123 293 110 160 552 285 87 138 375 316 96 154 207 295 111 175 
690 181 257 57 89 124 293 109 160 553 284 86 140 374 316 96 156 207 296 112 174 
691 181 257 58 89 124 293 108 159 556 285 82 140 376 314 93 136 207 294 111 177 
692 181 257 57 90 124 292 110 163 556 284 82 141 374 315 97 157 207 295 110 175 
693 181 257 57 89 122 293 113 161 556 285 82 140 374 315 97 157 206 295 113 176 
694 181 256 57 90 122 293 113 163 554 284 86 138 374 315 97 156 206 295 112 176 
695 180 257 57 89 122 293 112 162 552 285 87 139 376 313 93 138 207 295 112 176 
696 180 257 58 90 123 293 112 161 551 285 88 138 374 316 97 154 207 295 112 176 
697 181 257 56 89 554 284 85 138 123 293 111 163 374 316 99 156 207 295 111 175 
698 181 256 57 90 123 293 111 162 553 284 86 140 373 315 100 156 207 295 113 176 
699 181 257 57 90 122 293 112 162 552 284 87 139 373 316 100 156 206 295 113 176 
700 181 256 57 90 122 293 112 162 551 284 89 139 373 315 100 157 206 295 113 176 
701 182 257 57 90 122 292 111 163 552 284 88 140 373 315 100 158 206 295 112 176 
702 181 256 57 91 123 292 111 163 551 284 89 140 376 313 95 137 206 295 113 176 
703 182 256 56 89 122 291 112 166 551 284 89 141 373 314 99 160 206 294 114 178 
704 180 256 57 91 122 292 112 165 550 283 90 142 373 314 100 161 206 295 112 177 
705 181 256 57 90 123 292 111 163 552 283 88 140 373 314 100 160 206 295 114 176 
706 182 256 57 90 122 292 113 164 551 283 88 141 375 312 95 138 206 295 113 176 
707 181 256 58 91 122 292 112 162 551 283 90 140 375 311 96 139 206 295 113 175 
708 181 257 57 89 124 292 109 163 550 283 90 140 375 311 95 140 206 296 112 175 
709 181 257 57 88 124 292 108 162 551 284 89 140 376 310 96 141 207 295 111 175 
710 180 256 57 89 123 292 110 163 552 284 87 143 375 310 98 141 206 295 112 176 
711 181 257 57 89 123 291 111 165 555 283 84 143 375 309 99 140 207 294 111 177 
712 182 257 58 89 558 284 83 142 124 293 110 162 374 309 100 140 209 293 109 179 
713 556 283 84 143 182 257 58 89 125 292 110 165 374 310 102 140 210 292 110 181 
714 182 256 57 89 553 283 87 144 125 293 108 164 374 310 103 141 208 291 114 181 
715 182 257 57 88 125 292 110 166 552 282 88 142 374 312 103 137 206 291 118 181 
716 181 257 58 89 124 293 111 166 553 281 87 142 374 312 103 138 216 287 118 186 
717 181 257 58 89 552 280 90 143 125 293 110 165 374 312 103 138 214 288 122 182 
718 182 257 59 89 552 280 89 143 126 295 111 162 376 310 101 141 224 291 114 176 
719 182 257 58 89 551 280 90 144 124 294 115 163 376 310 100 141 221 289 123 180 
720 183 258 58 88 553 280 88 143 123 293 118 166 377 310 99 141 228 291 122 177 
721 183 257 58 88 552 280 89 144 123 294 117 166 376 308 100 144 239 292 118 177 
722 183 256 58 87 552 281 88 144 247 290 115 178 124 294 120 163 371 314 106 161 
723 183 256 58 88 552 280 88 145 247 290 114 177 125 295 118 160 376 309 100 143 
724 182 255 59 90 553 280 87 143 247 288 114 182 124 295 120 161 376 308 100 144 
725 182 256 58 88 553 279 87 147 248 288 113 180 124 294 120 162 376 308 100 143 
726 183 256 59 88 553 280 88 146 125 295 119 161 245 289 115 179 376 309 100 142 
727 172 258 81 86 552 280 88 145 124 296 119 160 244 290 118 178 376 309 100 141 
728 182 257 57 87 551 280 90 144 124 294 115 163 238 289 123 178 377 310 98 140 
729 182 257 57 88 551 278 90 147 123 294 114 162 214 299 147 171 377 310 99 140 
730 182 257 57 89 550 279 90 148 123 295 114 163 209 300 150 171 376 309 100 142 
731 182 257 57 88 124 294 111 164 551 279 90 147 219 287 128 184 376 309 100 141 
732 182 257 56 88 550 279 91 148 123 293 112 167 203 301 155 166 377 309 99 142 
733 181 257 56 87 550 278 90 148 123 292 111 170 214 288 132 183 376 310 100 140 
734 181 257 56 88 551 278 89 148 122 293 111 166 212 290 130 181 376 309 99 142 
735 180 257 57 88 551 279 89 145 122 294 111 164 375 310 101 140 195 306 156 161 
736 180 257 57 88 550 279 90 147 121 291 113 169 194 306 152 163 376 309 100 141 
737 179 257 57 89 120 291 114 171 550 279 91 146 194 306 150 163 376 309 100 141 
738 179 257 57 88 550 278 90 148 121 291 113 171 202 294 125 178 375 307 102 144 
739 181 258 56 87 120 291 114 170 550 279 90 147 375 307 101 144 201 294 126 179 
740 180 258 56 87 551 278 90 148 121 292 112 167 375 308 102 142 202 294 124 178 
741 180 257 56 87 121 291 112 168 551 279 90 147 374 308 102 142 203 294 125 178 
742 180 257 57 88 122 291 111 167 551 278 90 147 374 308 103 144 203 293 125 180 
743 181 257 55 87 550 279 91 146 121 291 113 168 375 308 100 142 211 291 126 181 
744 181 257 56 87 551 279 89 146 119 288 98 175 376 309 101 142 211 292 126 179 
745 182 257 55 87 551 279 90 146 120 294 114 165 376 309 101 141 211 290 126 181 
746 182 257 55 87 551 279 90 146 118 288 98 174 376 309 101 142 189 300 152 171 
747 182 257 57 89 118 288 98 172 550 278 91 148 375 309 102 142 176 300 164 171 
748 182 257 58 90 131 298 102 94 120 292 93 167 550 278 90 147 175 303 167 166 375 309 102 142 
749 182 256 57 90 551 279 90 146 170 303 175 165 374 310 103 141 
750 182 256 56 87 550 279 90 146 173 304 172 164 374 309 103 142 
751 182 256 56 89 114 286 105 177 551 279 90 146 169 302 176 166 374 309 102 141 
752 183 255 56 90 113 287 104 176 550 279 90 146 167 300 178 170 374 309 103 141 
753 115 288 103 174 183 256 55 89 551 278 90 146 174 301 173 169 375 310 101 139 
754 182 256 56 89 114 287 104 176 551 278 90 147 174 301 173 168 375 309 101 139 
755 183 256 55 88 114 287 104 176 552 278 89 147 176 301 170 169 376 310 100 139 
756 183 256 55 89 114 287 104 176 551 278 90 147 179 302 168 167 375 309 101 140 
757 113 287 107 179 184 256 55 87 551 278 89 148 174 302 172 168 375 309 101 140 
758 113 287 107 177 183 256 54 87 551 278 89 148 176 302 170 167 375 308 101 142 
759 183 256 55 89 113 287 106 178 551 278 90 148 172 302 174 167 374 309 102 141 
760 112 287 109 177 183 256 55 87 551 278 90 149 175 302 171 167 375 309 101 141 
761 112 287 108 177 183 255 54 87 552 279 89 146 174 302 172 168 369 313 107 163 
762 113 287 106 177 183 255 54 88 550 277 90 148 171 301 176 168 375 309 101 141 
763 183 256 54 87 551 278 89 149 171 302 176 167 374 308 102 144 
764 182 255 55 89 552 278 89 148 173 301 174 168 375 307 101 144 
765 183 256 55 89 551 278 90 147 173 301 174 167 375 308 101 142 
766 115 287 102 175 183 256 55 89 551 278 90 147 168 299 179 171 376 308 101 143 
767 182 255 55 90 114 287 102 176 551 278 89 148 167 300 181 169 375 308 101 143 
768 182 256 55 89 114 288 104 173 552 278 89 146 177 303 169 166 377 308 100 143 
769 183 257 54 86 122 290 114 167 551 278 89 146 182 302 164 168 376 307 100 145 
770 124 292 108 164 182 257 56 88 552 279 88 146 182 302 164 167 376 307 100 143 
771 183 257 57 90 551 278 89 147 123 292 109 171 213 286 130 185 375 307 102 146 
772 183 258 56 88 123 294 113 166 551 279 89 147 376 308 100 145 214 287 128 185 
773 182 258 55 86 125 295 108 163 550 279 90 147 375 308 101 144 213 287 130 184 
774 182 258 56 87 121 293 114 167 551 279 90 147 375 308 101 144 213 287 130 187 
775 182 257 57 89 122 293 114 167 551 280 89 147 376 309 100 141 212 286 130 186 
776 182 257 58 90 122 291 113 168 550 279 91 147 376 310 100 141 212 286 129 187 
777 182 257 57 89 122 292 113 169 551 279 89 147 376 308 100 143 212 286 129 188 
778 182 258 58 89 121 293 114 167 551 279 90 147 376 309 100 141 212 287 129 186 
779 182 257 58 89 121 291 115 170 551 279 90 147 376 310 100 140 213 287 127 186 
780 181 257 57 89 121 292 113 167 552 279 88 146 377 310 98 139 214 288 127 183 
781 180 257 58 89 122 292 112 167 551 279 89 146 377 310 98 139 212 288 127 186 
782 181 257 57 89 123 292 112 167 551 279 89 147 378 311 95 137 211 288 128 186 
783 180 257 58 91 123 291 113 169 551 279 89 146 378 310 95 139 211 288 128 186 
784 180 257 58 90 123 291 112 169 551 280 89 146 378 310 92 139 212 287 127 187 
785 180 257 57 91 123 290 112 171 552 280 88 146 378 310 94 139 212 288 126 187 
786 180 258 58 89 125 289 109 172 551 280 89 146 377 310 93 141 212 289 126 185 
787 125 289 110 171 180 258 58 90 551 280 89 145 376 310 94 141 212 288 126 186 
788 552 281 88 143 180 257 58 90 124 289 111 171 212 289 125 185 375 310 95 142 
789 180 258 58 89 552 280 87 146 124 290 111 170 213 288 125 185 374 311 95 141 
790 180 258 58 89 126 289 108 171 551 281 89 144 213 288 125 185 374 311 96 139 
791 180 258 58 89 126 289 107 169 551 280 89 144 214 289 123 184 374 312 95 139 
792 180 258 57 89 552 280 88 146 126 291 108 166 214 288 123 185 374 312 96 138 
793 182 257 57 89 552 280 88 143 123 292 111 166 212 287 126 186 375 313 95 137 
794 180 257 58 90 552 280 88 146 123 294 112 166 212 287 126 184 374 312 96 138 
795 181 257 58 90 552 281 88 145 120 289 95 171 185 299 155 171 374 312 95 138 
796 136 289 93 130 181 257 58 90 552 280 87 144 182 301 158 169 374 312 96 138 
797 182 255 57 90 552 280 88 144 172 300 168 172 375 312 95 138 
798 131 299 104 92 123 291 116 167 182 257 55 85 551 280 89 145 212 288 126 182 374 312 95 138 
799 130 299 107 92 122 291 119 167 183 257 55 84 552 281 88 144 213 288 125 182 374 312 96 139 
800 121 290 120 170 183 257 55 84 551 282 89 143 213 288 125 183 374 312 96 139 
801 120 290 119 170 183 256 55 85 552 282 88 143 213 287 125 184 374 311 96 140 
802 120 289 118 172 182 256 55 86 552 282 88 143 213 287 125 184 374 312 97 140 
803 120 289 117 171 182 256 55 86 552 283 88 143 184 301 159 170 375 311 96 140 
804 121 288 116 174 182 256 54 85 552 283 88 142 183 301 160 171 375 312 96 140 
805 121 288 115 172 182 256 55 86 552 283 88 143 185 302 159 168 374 313 99 161 
806 121 289 115 171 182 256 55 87 552 282 88 143 184 302 160 170 373 313 102 162 
807 117 288 100 174 182 256 56 88 551 282 89 145 181 301 161 168 374 303 103 153 
808 117 288 100 175 181 256 55 88 551 281 89 145 181 301 162 168 373 292 109 168 
809 130 287 100 132 181 257 56 88 552 280 88 148 178 300 167 169 372 305 108 150 
810 552 279 88 149 119 286 98 176 182 258 57 89 212 283 127 192 372 308 104 144 
811 552 282 88 144 119 286 96 176 181 257 57 89 183 300 162 169 372 309 103 143 
812 552 282 89 140 125 289 107 174 181 258 57 89 182 300 162 168 373 310 102 140 
813 553 282 87 143 125 290 106 168 181 258 57 88 180 299 163 169 372 309 103 141 
814 555 280 85 147 181 257 57 90 124 288 109 174 175 297 169 173 371 311 104 138 
815 556 281 85 147 183 257 56 90 123 288 110 176 174 296 170 176 371 311 103 139 
816 556 282 85 146 182 257 57 90 122 289 111 172 177 296 167 174 371 310 103 141 
817 555 282 85 147 182 257 57 89 123 289 109 174 175 296 169 174 371 310 102 141 
818 556 283 83 144 182 256 57 90 123 289 110 174 178 296 165 175 370 309 104 142 
819 557 282 83 146 182 256 57 91 117 285 100 179 179 295 163 176 371 310 104 141 
820 182 257 57 89 121 288 116 177 183 296 159 173 371 308 106 143 
821 120 288 116 175 182 257 57 90 189 297 153 171 372 308 107 143 
822 121 290 114 170 182 257 57 90 214 288 126 184 372 310 106 140 
823 181 258 57 88 120 290 114 170 213 288 125 184 373 310 105 137 
824 121 288 113 171 181 258 57 88 210 290 128 183 374 313 101 133 
825 121 290 112 168 180 257 57 90 210 290 127 183 373 312 101 136 
826 117 287 100 175 180 257 56 89 209 290 129 183 373 311 100 139 
827 121 289 115 168 180 258 57 89 208 291 130 181 373 312 98 138 
828 119 289 116 170 180 257 57 89 209 292 129 180 374 313 98 136 
829 555 282 86 143 119 288 117 172 180 257 58 89 210 292 128 180 372 314 100 157 
830 553 284 88 140 120 288 117 171 180 257 58 89 210 291 129 180 374 314 98 134 
831 554 284 88 139 120 288 117 171 180 257 58 90 197 304 153 164 373 314 97 135 
832 558 282 82 141 120 288 116 172 180 257 57 89 197 303 154 165 372 315 98 134 
833 554 283 86 140 180 257 57 89 121 288 115 171 198 302 154 167 372 314 98 133 
834 556 283 86 139 121 288 113 171 180 257 58 90 201 302 157 171 373 315 97 133 
835 554 284 87 139 121 289 113 170 180 257 58 90 204 300 161 171 373 314 96 133 
836 556 284 85 139 123 288 111 171 179 258 58 88 204 301 164 170 374 315 95 133 
837 559 283 81 142 180 258 58 89 123 289 112 170 202 300 169 172 374 314 95 134 
838 180 258 57 89 121 288 114 173 198 298 177 173 374 313 95 136 
839 180 258 57 89 122 288 113 171 196 299 185 169 373 313 95 136 
840 558 282 83 143 180 258 58 89 121 288 114 172 194 301 191 167 373 313 95 136 
841 598 293 40 117 123 289 110 169 179 258 59 88 200 299 200 169 374 313 95 135 
842 598 293 40 121 123 290 112 169 179 258 59 89 200 299 199 169 374 314 95 134 
843 598 293 40 117 123 290 111 168 179 258 58 89 200 298 199 171 374 314 94 134 
844 599 291 40 122 123 290 110 168 179 259 58 88 201 299 197 170 374 314 94 134 
845 558 282 83 143 123 290 111 167 179 258 59 89 201 300 197 168 374 314 95 134 
846 598 293 40 117 123 289 112 168 179 258 59 89 197 302 185 167 373 314 95 134 
847 598 291 40 122 180 258 58 89 121 289 114 170 195 300 188 170 373 313 95 137 
848 598 293 40 117 180 258 58 89 121 289 114 170 195 300 187 169 373 313 96 136 
849 598 293 40 116 180 258 58 89 122 289 113 171 196 301 187 169 373 315 96 133 
850 598 291 40 124 180 258 57 89 122 289 113 170 195 301 189 169 373 315 95 132 
851 598 293 40 116 180 258 57 89 122 290 113 169 196 301 188 169 374 315 94 132 
852 598 293 41 117 180 258 58 89 122 288 113 172 197 301 185 169 374 314 94 133 
853 598 292 40 120 180 258 57 88 122 289 113 171 198 301 184 168 374 314 94 132 
854 598 292 40 116 180 258 58 88 122 289 112 171 197 302 186 168 374 314 94 133 
855 180 258 58 89 122 289 113 170 195 301 188 169 373 315 95 132 
856 180 258 57 89 122 288 112 172 197 301 185 169 373 314 95 133 
857 180 258 57 89 122 288 113 173 196 300 186 169 373 314 95 132 
858 121 289 114 171 180 258 58 89 196 299 186 170 373 314 96 133 
859 180 258 57 89 123 288 112 172 197 299 185 170 374 314 95 134 
860 180 258 57 88 121 288 114 171 196 300 184 170 373 313 96 135 
861 181 258 57 89 122 288 113 172 197 300 178 171 373 313 96 135 
862 180 258 57 88 123 288 112 170 199 300 168 173 374 314 95 135 
863 180 258 57 89 121 289 114 172 197 301 163 169 374 314 95 134 
864 180 257 57 90 121 288 114 172 196 303 156 166 373 314 96 134 
865 180 257 58 90 121 287 114 173 196 304 153 165 374 314 95 134 
866 180 258 57 89 121 288 114 171 197 306 150 163 374 315 95 133 
867 121 289 114 170 180 258 58 89 196 305 152 163 374 315 95 133 
868 121 289 114 169 179 258 57 89 195 306 152 163 374 314 95 133 
869 120 289 116 170 179 258 58 88 196 306 151 162 374 314 95 134 
870 121 289 115 170 179 258 58 89 211 292 129 180 373 314 96 134 
871 120 289 116 170 180 258 58 88 211 291 129 181 373 315 97 134 
872 120 288 116 172 180 258 58 89 211 292 129 179 374 312 95 137 
873 120 289 116 169 180 258 57 88 211 292 129 179 372 312 98 138 
874 120 288 115 170 179 258 58 89 210 291 130 180 371 310 101 142 
875 121 288 114 171 180 258 58 88 210 292 130 180 370 311 103 140 
876 180 259 57 88 120 289 115 171 211 292 129 179 370 311 103 140 
877 182 257 56 89 120 287 116 173 211 292 128 178 370 310 104 141 
878 181 258 56 89 120 287 116 174 211 293 128 177 370 310 104 141 
879 182 258 55 88 120 287 116 173 212 293 128 178 370 309 104 142 
880 182 257 56 89 120 287 117 173 211 293 128 178 370 309 103 142 
881 182 258 55 89 120 287 116 173 211 292 128 179 370 310 103 141 
882 183 257 55 90 120 287 117 174 211 292 129 179 371 310 102 140 
883 181 258 56 89 120 286 117 176 211 292 128 179 371 310 102 141 
884 182 257 56 90 119 285 117 177 211 292 129 178 371 311 103 140 
885 122 284 114 177 180 259 57 89 211 293 128 178 371 310 103 140 
886 133 285 98 132 180 259 58 89 211 294 128 177 371 310 104 141 
887 131 284 102 133 180 259 58 89 212 293 127 179 371 311 103 140 
888 120 281 117 180 180 260 58 89 211 293 128 178 371 312 103 137 
889 119 282 118 179 181 260 58 89 211 293 128 180 372 312 103 137 
890 119 281 118 182 180 259 57 90 211 293 128 178 371 312 104 137 
891 558 282 82 146 120 281 117 181 181 260 56 89 212 293 127 178 371 311 106 140 
892 559 283 81 144 129 283 103 135 181 259 56 90 211 293 128 178 371 311 106 140 
893 558 282 82 145 129 284 101 133 181 259 56 90 212 293 127 178 372 311 107 140 
894 558 283 82 144 129 284 102 132 181 259 56 90 211 293 128 178 373 311 107 140 
895 558 283 81 144 120 280 116 185 181 259 56 90 211 293 128 179 374 310 107 142 
896 557 284 83 143 129 284 101 132 181 259 56 89 370 311 114 166 211 293 128 179 
897 559 281 80 146 119 279 117 186 181 259 56 89 375 311 107 141 210 293 129 179 
898 556 283 84 144 129 285 100 131 182 259 55 90 210 292 129 179 375 311 107 142 
899 131 285 100 131 181 259 56 90 211 292 129 180 375 311 107 141 
900 120 279 116 186 181 259 56 89 211 293 128 179 375 311 106 140 
901 120 280 116 184 181 259 56 90 210 293 129 179 375 311 107 140 
902 121 280 116 184 181 259 56 90 211 292 128 179 374 311 106 139 
903 120 281 116 183 181 259 56 90 211 292 128 180 374 311 103 138 
904 120 280 115 184 181 258 55 90 211 292 129 179 373 312 102 137 
905 129 285 100 131 181 258 57 91 211 292 129 181 374 312 101 138 
906 120 280 116 185 181 258 57 91 211 292 129 181 375 312 101 137 
907 120 282 116 182 181 258 57 91 211 291 129 182 376 312 100 136 
908 129 286 100 129 181 258 58 91 210 291 130 182 375 312 100 137 
909 132 287 95 126 181 258 58 90 375 311 101 139 209 290 130 185 
910 132 287 95 127 181 259 57 89 374 312 101 137 209 289 128 187 
911 557 280 84 148 133 287 94 126 181 258 57 90 374 312 101 137 201 305 129 172 
912 557 281 83 146 132 287 95 126 181 259 58 90 374 312 101 137 200 305 129 171 
913 555 281 85 145 132 287 94 127 181 259 57 89 374 312 101 136 200 304 129 172 
914 557 281 83 145 130 287 99 130 181 258 57 90 374 313 101 135 201 305 129 172 
915 554 279 87 147 130 286 98 129 182 258 57 91 374 313 100 135 201 305 128 172 
916 555 281 86 145 130 286 98 129 182 258 58 90 374 312 100 136 201 305 129 172 
917 555 283 86 139 129 286 99 129 182 258 57 91 374 312 101 137 201 306 128 171 
918 130 287 99 129 555 283 87 140 182 259 56 89 374 312 101 136 201 306 129 172 
919 128 285 99 131 554 283 86 143 182 259 57 89 374 313 101 135 201 306 129 172 
920 560 280 78 148 129 286 99 130 182 259 57 89 374 312 101 136 201 306 130 171 
921 562 278 77 150 129 287 99 129 182 259 56 88 374 312 100 137 201 306 130 172 
922 561 277 77 149 129 286 98 130 182 258 56 89 374 312 100 136 200 306 130 171 
923 129 287 98 129 561 275 77 155 182 259 56 88 374 312 100 136 201 307 130 171 
924 559 270 80 162 128 286 99 130 183 259 56 88 374 312 100 136 200 306 131 171 
925 558 266 80 163 129 287 99 130 182 259 57 89 374 313 100 135 200 307 130 171 
926 129 286 99 129 557 263 81 167 182 259 57 88 374 313 101 136 200 307 131 171 
927 131 287 96 128 555 262 83 170 182 259 58 88 375 311 101 138 200 306 131 171 
928 131 287 96 128 554 262 84 169 182 260 57 87 375 311 100 138 200 307 131 171 
929 131 287 95 128 553 262 85 169 182 259 57 89 372 314 105 160 200 307 131 170 
930 131 288 95 128 555 262 83 170 182 260 57 87 374 312 101 138 200 307 130 170 
931 131 287 95 127 554 261 85 171 182 260 57 87 374 312 101 137 200 307 131 169 
932 131 288 95 127 554 261 85 172 182 260 56 87 375 312 101 138 200 307 131 170 
933 131 287 95 127 554 261 85 173 182 260 56 87 374 312 101 137 201 307 130 169 
934 130 288 97 127 554 261 84 173 182 260 57 87 374 311 101 138 201 307 130 169 
935 131 288 95 127 555 260 84 173 182 260 56 87 375 312 101 138 201 307 130 168 
936 131 287 95 127 556 260 82 174 183 260 56 87 375 311 101 138 200 307 130 169 
937 131 288 96 127 555 260 84 174 182 260 57 88 374 311 101 138 200 308 130 169 
938 131 288 95 126 553 260 85 175 183 260 56 86 372 313 105 161 201 308 129 169 
939 131 288 96 127 182 260 57 87 554 259 85 177 374 312 100 137 201 308 130 168 
940 128 287 99 130 182 259 56 88 555 259 84 175 374 312 101 137 201 308 129 169 
941 127 287 100 130 182 259 56 87 555 260 84 173 371 314 106 160 200 308 129 168 
942 127 286 100 130 182 259 56 87 554 259 85 176 374 312 101 137 201 308 129 168 
943 127 287 101 130 182 259 56 88 556 260 83 173 374 312 101 137 201 309 129 168 
944 128 288 100 129 182 259 56 89 557 260 81 173 373 313 101 136 201 308 129 168 
945 127 286 101 131 182 259 56 88 557 260 82 173 374 312 100 136 200 308 130 168 
946 126 286 102 132 182 259 56 89 558 260 81 172 374 313 101 135 200 308 130 169 
947 126 286 102 132 182 259 56 88 558 260 81 172 374 313 100 136 200 308 130 169 
948 116 283 102 180 181 259 57 89 555 260 84 173 374 312 101 136 200 308 130 169 
949 126 285 102 134 180 259 57 88 554 260 85 173 374 312 100 136 200 308 129 169 
950 126 284 101 135 179 259 58 88 554 260 85 173 374 313 101 136 200 308 129 169 
951 128 285 100 133 179 259 58 88 554 260 85 175 374 312 101 137 200 308 130 169 
952 126 283 103 137 179 259 58 88 554 261 85 172 374 312 101 137 200 308 129 170 
953 126 283 103 137 179 259 58 88 555 261 84 172 374 312 101 137 200 307 129 171 
954 128 284 100 134 179 259 58 89 555 260 84 173 375 311 100 138 200 307 130 171 
955 128 284 100 135 180 259 57 87 556 260 83 173 375 311 100 138 200 307 129 170 
956 126 282 101 138 180 259 57 89 556 261 82 171 374 313 101 136 200 307 129 170 
957 116 281 100 182 180 259 58 89 554 261 85 172 374 313 101 136 200 307 129 170 
958 128 284 100 135 180 258 58 89 554 261 85 172 374 313 101 136 200 307 129 170 
959 119 281 95 143 180 259 58 89 553 260 85 174 371 314 106 158 199 307 129 170 
960 127 283 101 137 180 259 58 88 553 261 86 173 374 312 101 137 200 307 129 171 
961 126 284 102 136 180 259 57 88 553 260 86 174 374 312 101 137 200 307 128 170 
962 126 283 102 136 180 259 58 89 552 260 87 174 374 312 101 137 200 307 128 171 
963 119 281 96 144 180 259 57 88 553 261 87 173 374 312 101 137 199 307 129 170 
964 127 283 101 137 180 259 57 89 554 261 85 173 374 312 101 137 200 307 128 170 
965 128 283 99 134 180 259 57 88 552 261 87 173 374 310 101 140 200 307 129 170 
966 128 285 99 134 180 259 57 88 553 260 86 175 374 310 101 141 200 307 128 169 
967 128 284 99 135 180 259 58 89 554 260 85 175 374 311 101 139 200 306 128 171 
968 116 283 102 180 181 259 57 90 554 260 85 176 374 311 101 140 200 306 128 172 
969 116 284 102 178 181 259 56 91 554 261 85 174 374 311 101 138 201 306 127 172 
970 116 285 102 178 181 259 55 91 553 262 85 171 374 312 101 138 201 306 127 172 
971 116 284 102 179 181 259 55 90 553 261 86 174 374 311 101 140 201 306 126 172 
972 116 285 103 177 181 259 55 90 553 261 86 174 374 311 101 139 201 306 127 172 
973 116 285 102 177 180 259 56 90 553 261 86 173 374 313 101 135 201 306 126 171 
974 117 285 101 177 180 258 55 90 553 261 86 174 374 312 101 136 201 306 126 172 
975 117 286 99 175 180 258 55 90 553 262 86 172 374 313 102 136 201 306 126 172 
976 117 285 100 176 180 259 55 89 553 261 86 174 374 313 101 136 201 306 127 172 
977 117 286 99 175 180 258 55 90 553 260 86 176 374 312 101 137 201 306 126 172 
978 117 286 100 174 179 259 56 89 555 261 84 172 374 312 101 137 201 306 126 172 
979 117 286 100 174 179 258 56 90 556 263 83 169 374 312 101 136 201 306 126 172 
980 557 268 81 163 117 287 100 172 179 259 56 89 374 312 101 137 201 306 126 171 
981 559 270 77 159 117 286 100 175 180 258 55 89 374 311 102 138 201 306 127 172 
982 556 273 81 157 117 287 100 172 180 259 55 88 374 311 101 138 201 306 126 172 
983 556 273 81 157 117 286 99 173 180 258 55 89 374 312 101 137 201 306 126 172 
984 558 274 79 157 117 286 100 174 179 258 55 90 374 313 102 136 201 306 126 171 
985 560 271 77 160 117 287 99 174 180 258 56 90 374 312 101 137 201 306 126 172 
986 561 269 77 161 117 286 100 175 180 258 55 89 374 311 101 138 201 306 126 172 
987 558 269 80 162 117 286 100 175 180 258 55 89 374 311 101 138 202 306 126 172 
988 556 267 82 164 127 285 102 136 179 259 56 89 374 312 102 137 201 306 126 171 
989 117 287 100 173 180 258 55 89 555 266 83 165 374 311 101 138 202 306 126 172 
990 117 287 100 173 180 258 56 89 554 263 84 168 374 312 101 137 201 307 126 170 
991 117 286 100 174 180 258 55 89 553 261 85 172 374 311 101 138 202 306 126 172 
992 126 283 103 137 180 258 56 90 554 261 84 173 374 312 101 137 202 306 126 171 
993 116 286 102 176 180 259 55 89 553 260 85 173 374 311 101 139 201 306 126 171 
994 180 258 56 90 126 284 102 137 552 260 86 174 374 312 101 137 202 306 126 171 
995 180 259 55 89 116 285 103 176 553 260 85 174 374 312 101 136 202 306 126 171 
996 116 287 102 173 179 259 56 89 553 260 85 172 374 312 102 137 202 306 126 171 
997 116 284 101 180 180 259 56 89 553 260 85 173 374 311 102 139 202 306 126 171 
998 116 284 103 180 552 260 87 175 181 259 56 90 374 310 102 140 201 306 127 172 
999 116 284 102 180 553 260 85 172 180 260 57 89 374 311 101 139 201 306 127 172 
1000 128 285 101 133 555 261 83 170 180 261 58 88 374 311 102 140 201 306 127 171 
1001 128 285 101 132 555 260 83 172 180 260 59 88 374 311 101 140 201 306 127 171 
1002 129 285 99 132 553 260 85 172 180 260 58 88 374 311 101 139 201 306 127 171 
1003 129 285 99 132 553 260 86 172 181 261 57 87 374 311 101 139 201 306 127 172 
1004 130 285 99 131 552 260 87 173 181 261 58 88 375 311 101 139 201 306 127 171 
1005 127 287 101 131 181 260 58 89 552 260 86 174 374 312 101 137 201 307 126 171 
1006 126 284 104 135 180 260 58 89 553 259 85 173 374 312 101 136 201 307 127 171 
1007 126 284 104 135 554 259 84 174 180 260 58 89 374 312 101 138 201 307 127 170 
1008 127 285 102 135 556 260 82 172 179 260 58 89 374 312 101 138 201 306 128 172 
1009 127 284 102 134 551 258 88 177 180 260 58 89 374 312 101 137 200 306 128 172 
1010 126 284 103 135 556 259 83 176 179 260 59 89 374 312 101 137 201 306 127 171 
1011 555 265 84 170 127 285 103 134 180 260 58 90 374 311 101 138 201 307 128 170 
1012 117 282 100 182 555 272 84 159 179 260 59 90 374 311 102 139 201 306 127 171 
1013 117 282 101 182 554 271 87 161 179 260 59 90 374 310 102 139 201 306 127 171 
1014 551 277 90 153 116 282 102 183 179 261 58 89 374 311 102 139 201 307 127 170 
1015 552 278 89 149 130 284 98 136 179 260 58 89 374 310 102 139 202 307 125 170 
1016 555 284 85 142 129 285 100 136 180 260 58 89 374 312 101 137 201 307 125 170 
1017 559 281 81 146 128 285 100 135 180 261 58 89 374 311 101 138 201 307 125 170 
1018 565 278 75 153 132 286 95 133 181 261 57 88 374 311 101 139 202 307 125 171 
1019 560 280 79 150 132 286 94 132 180 260 56 88 374 311 101 139 202 306 125 172 
1020 131 285 95 132 556 280 84 147 180 261 57 88 374 310 102 140 202 307 124 171 
1021 557 279 82 144 132 287 93 131 181 261 56 88 374 310 102 140 201 306 125 172 
1022 557 278 82 146 132 286 95 132 180 261 57 88 374 310 101 140 201 306 125 171 
1023 132 286 93 131 555 278 84 147 181 261 57 87 374 310 102 140 201 307 125 171 
1024 131 287 96 131 556 281 83 150 181 261 56 87 374 311 101 139 201 307 125 171 
1025 131 286 97 132 181 260 56 87 554 280 85 151 374 310 102 141 201 306 125 171 
1026 132 286 95 131 181 261 56 87 554 280 86 149 374 311 101 139 201 306 126 171 
1027 132 286 95 130 181 260 57 88 556 279 83 150 374 311 101 139 201 306 125 172 
1028 132 286 95 130 181 260 56 87 554 281 86 148 374 311 102 139 202 307 124 171 
1029 131 286 95 130 553 282 87 147 181 260 57 88 374 311 101 139 201 307 126 171 
1030 131 286 96 130 553 282 87 147 181 260 57 88 374 310 101 140 202 307 125 171 
1031 130 285 96 131 180 260 57 88 555 283 84 148 375 310 101 141 201 306 125 171 
1032 132 287 95 130 556 282 83 148 181 261 56 87 374 311 101 139 202 306 124 171 
1033 131 286 95 130 556 284 84 145 181 260 56 87 374 310 101 140 202 306 125 171 
1034 131 286 96 131 554 285 87 145 181 260 57 89 374 310 102 141 202 306 124 172 
1035 562 283 78 141 132 286 95 130 181 260 57 88 374 310 102 140 202 306 124 171 
1036 128 285 102 134 597 287 42 136 181 260 57 88 375 311 101 138 202 307 125 170 
1037 598 287 41 133 128 285 101 132 181 260 57 87 374 311 101 139 202 306 125 171 
1038 580 284 59 97 127 284 102 135 181 260 57 88 374 311 101 138 202 307 125 170 
1039 128 284 101 133 181 260 57 88 374 311 101 138 202 306 125 172 
1040 127 284 102 134 181 261 57 88 374 311 101 139 201 306 126 172 
1041 128 285 101 132 181 260 57 88 374 311 101 138 202 306 125 171 
1042 127 285 102 132 182 260 57 88 374 310 101 139 201 306 126 171 
1043 126 284 104 134 181 260 58 88 374 310 101 139 201 307 125 171 
1044 128 284 101 134 181 260 57 87 375 310 100 140 201 306 125 171 
1045 127 283 102 136 181 261 57 87 375 311 101 138 201 306 126 171 
1046 128 284 102 134 181 260 57 88 374 311 101 138 202 306 125 172 
1047 132 286 95 131 181 260 56 87 374 309 102 141 201 306 125 171 
1048 132 285 95 131 548 252 92 189 181 260 56 87 374 310 101 140 201 306 125 172 
1049 130 285 97 131 181 260 57 87 531 249 109 197 374 310 101 141 201 306 126 171 
1050 132 286 96 130 181 261 56 86 531 249 110 196 374 311 101 139 202 306 125 171 
1051 132 286 96 129 181 261 56 86 529 247 113 200 374 310 101 140 202 306 125 171 
1052 132 286 95 130 182 261 56 86 530 248 111 202 374 310 101 140 202 306 125 171 
1053 130 285 97 131 181 260 56 87 530 247 111 204 374 311 101 140 202 306 126 172 
1054 127 285 103 133 180 261 58 88 531 249 110 200 371 313 106 162 202 306 126 172 
1055 128 285 101 133 181 260 58 88 531 249 109 198 374 312 101 138 201 306 126 172 
1056 115 282 104 183 181 260 57 88 531 249 110 198 374 311 101 138 201 306 126 171 
1057 127 284 102 133 180 260 58 88 531 249 110 196 374 311 101 138 201 306 127 172 
1058 126 283 103 136 180 260 59 89 531 249 109 198 374 311 101 138 201 305 126 173 
1059 128 284 102 134 181 260 57 88 531 250 110 198 374 312 101 138 202 305 126 172 
1060 127 284 103 135 181 260 57 88 531 249 109 199 374 311 101 138 201 306 126 172 
1061 127 285 102 132 181 260 58 88 530 248 110 200 374 312 101 137 201 306 126 172 
1062 130 285 97 132 180 260 58 88 531 248 109 200 374 311 101 139 201 305 126 173 
1063 130 285 97 131 181 260 56 87 546 249 95 197 374 311 101 139 201 305 125 173 
1064 128 284 102 134 180 260 58 88 546 248 95 198 374 313 101 136 201 303 127 175 
1065 126 284 104 135 180 260 58 88 546 248 95 199 374 312 101 137 201 303 127 174 
1066 127 284 103 134 180 260 58 87 374 312 101 137 545 247 95 199 205 297 118 174 
1067 128 283 102 134 180 260 58 88 374 312 101 137 546 248 95 198 204 297 120 172 
1068 130 285 100 131 180 260 57 87 374 312 101 137 546 247 95 201 207 295 115 176 
1069 128 283 101 135 181 260 57 87 374 312 101 137 546 248 95 197 207 293 116 178 
1070 129 285 101 132 181 260 57 87 546 248 95 199 374 312 101 137 208 292 115 178 
1071 121 283 113 180 181 260 57 87 546 249 95 197 374 312 101 137 208 289 115 183 
1072 122 282 112 180 181 260 57 86 546 248 95 198 374 312 101 136 208 288 117 184 
1073 121 281 114 182 181 260 57 86 546 248 95 199 374 312 101 137 207 287 119 185 
1074 121 281 114 183 181 260 57 86 546 248 95 197 374 312 101 136 207 288 119 184 
1075 120 283 117 180 182 260 57 86 545 247 96 200 220 288 110 186 374 312 101 136 
1076 122 283 116 180 182 260 57 86 226 289 104 185 532 248 108 199 375 311 101 138 
1077 122 283 118 181 182 260 57 85 230 292 101 180 532 247 108 201 375 311 101 138 
1078 122 285 119 176 183 260 57 86 532 248 108 199 229 293 105 178 375 312 100 137 
1079 122 285 120 175 183 260 58 87 532 248 108 199 231 292 103 178 375 312 100 137 
1080 182 260 58 87 121 285 121 177 546 247 95 202 232 293 102 176 374 312 100 137 
1081 182 260 58 87 121 285 120 178 546 245 95 204 375 312 100 137 232 294 103 175 
1082 121 284 120 178 182 260 58 87 375 312 100 137 546 246 95 202 232 294 101 173 
1083 121 286 120 175 182 260 58 87 546 245 94 203 375 312 100 137 232 294 100 174 
1084 121 286 120 175 182 260 58 86 371 313 106 160 546 245 95 204 233 293 100 175 
1085 125 285 117 175 182 260 56 86 375 311 100 139 545 246 95 203 232 293 99 176 
1086 124 285 118 176 182 260 56 86 375 311 100 140 546 246 95 202 231 293 100 177 
1087 124 286 118 176 182 260 57 86 375 311 100 139 546 247 95 200 232 294 98 174 
1088 133 287 106 132 182 260 56 85 375 311 100 138 547 246 94 201 232 294 99 174 
1089 122 286 120 175 182 260 57 86 546 247 95 199 375 312 100 136 232 293 100 175 
1090 121 285 121 176 182 260 57 86 375 312 100 137 546 245 95 203 232 293 98 176 
1091 122 286 119 173 182 260 58 86 374 311 100 138 546 245 96 202 232 293 97 177 
1092 122 285 119 175 182 260 57 86 374 313 101 136 545 245 96 204 232 292 97 178 
1093 122 285 120 174 182 260 57 85 374 312 101 137 545 244 97 206 233 293 96 177 
1094 123 286 118 173 182 260 57 86 374 311 101 138 546 245 96 204 232 292 96 179 
1095 124 285 118 175 182 260 57 86 545 244 97 206 374 312 100 137 231 292 98 178 
1096 133 286 106 133 182 260 57 86 371 313 106 160 546 245 96 205 231 293 98 177 
1097 124 284 118 176 182 260 57 86 228 292 104 179 374 312 101 138 546 246 96 202 
1098 136 286 104 133 182 260 57 86 372 313 105 162 230 294 104 174 546 246 95 202 
1099 135 286 104 133 182 260 57 87 375 311 100 139 546 248 95 196 229 295 107 173 
1100 136 286 96 129 183 260 58 88 227 292 114 177 371 313 105 162 546 247 97 199 
1101 136 285 96 130 183 260 57 87 371 313 106 162 225 290 117 180 546 247 96 199 
1102 135 286 95 130 182 260 57 87 371 313 106 162 546 247 96 201 221 291 116 180 
1103 125 283 112 179 182 260 56 86 370 313 106 161 546 246 96 201 220 290 118 180 
1104 123 283 115 181 182 261 56 86 547 245 95 204 370 313 106 162 219 290 117 180 
1105 122 283 115 179 182 260 56 87 547 246 95 202 375 312 101 137 219 290 116 181 
1106 122 282 115 181 182 260 56 86 550 251 92 191 375 311 101 138 220 289 113 182 
1107 122 282 114 183 182 260 56 86 552 256 90 182 375 311 101 138 220 289 113 181 
1108 122 281 115 182 182 260 56 85 554 257 87 180 375 311 100 135 220 289 113 182 
1109 554 273 86 155 122 282 115 181 182 260 56 86 377 312 100 134 221 290 113 180 
1110 556 276 83 146 123 283 113 179 182 260 56 86 376 312 101 133 220 289 114 181 
1111 123 284 113 176 182 260 57 86 377 311 101 132 219 289 114 181 
1112 123 283 113 178 181 260 56 85 376 311 102 134 219 289 115 182 
1113 133 285 99 133 182 261 57 85 375 311 103 136 218 289 115 182 
1114 123 284 113 176 182 260 56 86 374 309 104 139 220 289 114 180 
1115 135 286 94 130 182 260 56 84 377 310 101 137 220 291 112 178 
1116 134 285 97 133 182 260 56 85 381 311 99 137 219 289 113 182 
1117 131 284 101 135 181 260 57 86 380 310 100 137 216 288 116 184 
1118 133 285 98 134 181 260 57 87 381 310 99 137 217 290 116 180 
1119 181 260 58 89 217 290 117 180 380 311 99 135 
1120 123 284 111 178 182 260 58 88 219 290 115 178 380 312 99 135 
1121 123 283 111 182 181 260 58 86 217 291 115 178 379 312 99 135 
1122 122 284 113 181 182 260 59 87 379 311 99 136 220 291 110 176 
1123 134 287 97 128 182 261 58 85 209 292 117 177 379 312 100 135 
1124 127 282 108 185 181 260 58 86 378 311 100 136 216 288 114 182 
1125 127 281 107 186 182 260 58 86 218 287 111 184 377 310 101 138 
1126 125 282 110 184 181 260 58 86 208 287 117 184 378 311 100 137 
1127 133 283 100 133 181 260 57 86 217 287 113 184 377 310 101 138 
1128 180 260 58 87 215 287 118 185 374 309 104 141 
1129 131 282 102 132 181 259 59 88 213 286 121 185 373 308 105 144 
1130 131 282 102 132 181 259 59 87 213 287 121 185 372 308 106 143 
1131 136 285 95 128 181 259 58 87 212 289 122 182 371 307 107 144 
1132 134 284 98 128 181 259 58 88 211 289 123 182 370 308 109 143 
1133 135 284 95 128 181 259 57 89 206 288 122 183 368 308 111 144 
1134 134 283 96 129 180 259 58 88 372 309 107 143 206 288 122 185 
1135 133 283 96 129 179 259 59 88 372 309 107 144 207 288 120 184 
1136 130 282 100 131 179 258 58 88 371 309 107 142 209 288 116 183 
1137 132 293 96 97 180 258 55 87 373 310 106 141 208 287 115 183 
1138 130 294 98 96 181 258 55 84 373 309 106 143 205 287 116 182 
1139 130 293 98 98 182 259 53 81 372 308 106 144 204 287 117 183 
1140 183 259 53 78 131 294 97 97 373 309 105 142 202 287 120 182 
1141 115 286 102 177 184 259 53 79 372 309 105 144 201 287 122 183 
1142 184 258 53 81 129 296 100 96 372 309 104 142 202 286 121 183 
1143 116 285 102 179 373 310 103 141 203 287 122 183 
1144 132 296 96 95 373 310 100 141 204 286 122 184 
1145 131 296 97 95 372 310 100 142 204 285 122 186 
1146 115 287 103 176 373 310 96 141 203 285 123 185 
1147 130 296 98 95 366 310 96 140 203 285 124 186 
1148 185 259 53 79 132 294 96 97 367 311 93 139 205 286 120 183 
1149 117 288 101 175 183 259 54 80 131 295 97 97 374 310 94 139 206 286 119 183 
1150 130 295 99 97 184 258 55 81 371 310 100 140 203 286 122 184 
1151 116 288 103 176 130 295 98 97 182 259 56 82 365 311 112 162 205 286 120 184 
1152 131 296 97 96 183 258 56 82 371 312 105 137 204 287 121 183 
1153 116 288 102 174 182 258 56 84 371 311 107 138 204 287 121 183 
1154 130 296 99 95 116 287 103 176 183 259 56 82 360 313 137 151 204 287 121 182 
1155 116 287 102 177 131 294 96 98 183 259 56 81 363 311 142 155 204 287 120 182 
1156 116 288 101 175 130 296 97 96 182 258 56 82 363 311 146 158 203 286 122 183 
1157 129 295 99 96 116 286 102 178 183 258 56 81 364 312 145 157 203 287 122 183 
1158 116 287 102 176 183 257 56 83 364 311 144 158 202 287 123 183 
1159 116 287 102 177 183 259 55 81 364 311 145 159 203 287 122 183 
1160 116 288 102 174 185 258 55 81 364 311 144 158 202 287 122 182 
1161 129 296 100 95 116 288 102 175 184 258 56 81 366 311 141 158 202 287 122 182 
1162 132 294 96 98 184 258 56 82 367 311 140 157 204 288 119 181 
1163 117 288 101 174 130 295 97 97 184 258 56 83 367 311 139 156 205 287 118 182 
1164 117 289 101 173 131 295 97 97 184 259 55 80 367 312 138 156 205 287 118 182 
1165 117 288 101 176 131 294 97 98 184 259 55 80 367 312 139 155 205 287 118 181 
1166 117 289 101 174 130 295 98 97 184 260 54 79 368 312 136 156 206 287 117 181 
1167 186 260 52 78 131 289 96 123 367 312 139 156 206 287 117 181 
1168 184 260 53 80 117 289 101 173 131 296 97 96 368 312 138 156 207 287 116 182 
1169 117 290 100 172 130 295 98 97 184 259 53 80 370 310 154 154 206 287 117 182 
1170 117 288 101 175 130 295 97 97 185 259 53 80 370 311 155 155 206 287 117 182 
1171 129 295 99 97 116 287 101 176 184 259 54 80 369 312 159 154 203 287 121 183 
1172 128 294 100 98 184 259 53 80 116 286 102 178 371 312 157 153 203 287 121 183 
1173 128 295 100 97 184 259 54 80 116 286 102 177 370 312 158 154 203 287 121 182 
1174 116 286 102 177 129 295 99 98 184 259 54 80 370 312 159 152 203 287 121 183 
1175 129 294 99 98 116 286 103 177 184 259 53 79 369 312 160 154 203 287 120 183 
1176 129 295 100 97 184 259 54 80 116 288 102 176 369 312 159 153 203 287 121 183 
1177 128 294 100 98 116 287 102 174 184 258 54 81 368 313 162 153 202 287 121 182 
1178 116 288 103 176 184 258 54 81 369 313 160 153 203 286 121 183 
1179 117 289 102 173 131 294 97 98 184 259 53 80 368 312 161 153 207 286 117 183 
1180 116 289 103 172 131 294 97 99 184 258 54 82 368 313 161 152 207 287 117 183 
1181 131 294 98 98 184 258 54 80 368 312 161 154 207 287 116 182 
1182 116 287 102 175 129 294 99 98 183 258 54 81 368 313 162 153 205 286 119 184 
1183 117 286 101 177 129 294 98 98 184 259 53 81 370 312 159 154 204 287 120 182 
1184 116 288 102 173 129 296 99 96 183 259 54 81 368 312 161 154 204 287 120 184 
1185 116 289 101 173 129 295 98 97 183 259 54 81 369 313 160 153 203 287 120 182 
1186 116 287 102 175 129 295 99 98 184 258 54 80 369 312 159 154 203 287 120 183 
1187 116 289 102 173 129 296 99 97 183 258 54 82 368 313 160 153 203 287 119 182 
1188 116 287 102 176 130 294 99 98 183 258 54 80 369 312 159 154 203 287 121 183 
1189 116 289 102 173 131 296 97 97 184 259 54 80 370 311 156 155 204 287 119 182 
1190 116 289 101 172 129 295 99 98 184 259 53 80 369 311 155 155 205 287 118 181 
1191 116 289 102 173 129 295 99 97 184 259 53 80 368 313 130 153 204 287 120 183 
1192 117 288 101 174 129 295 99 97 183 258 54 82 374 307 111 149 204 287 120 184 
1193 116 288 102 174 129 295 100 98 184 258 54 81 367 310 112 163 204 287 120 182 
1194 116 289 102 172 128 295 100 97 183 259 54 80 368 310 112 163 204 287 119 182 
1195 117 293 101 166 130 297 97 95 182 259 55 81 367 311 113 161 206 288 116 180 
1196 131 297 98 95 182 259 54 81 367 311 112 161 207 289 115 179 
1197 117 292 101 167 131 297 97 95 181 258 55 82 367 311 113 162 206 288 116 180 
1198 116 292 102 166 131 297 98 96 182 259 55 80 372 310 106 141 206 288 116 181 
1199 129 297 99 96 116 291 102 167 182 259 56 82 366 310 115 163 204 287 119 181 
1200 128 295 101 97 116 289 103 174 183 259 55 81 366 310 116 163 204 287 119 182 
1201 129 296 99 96 116 289 101 172 183 259 54 80 366 310 115 163 204 287 119 182 
1202 130 297 99 95 116 291 102 168 183 259 55 80 366 309 116 165 204 287 119 183 
1203 130 295 98 97 116 290 102 171 183 258 55 80 374 310 105 142 204 287 119 182 
1204 130 295 99 97 116 289 102 173 183 258 55 82 374 311 105 141 204 287 119 183 
1205 117 291 101 170 131 296 97 96 182 259 55 80 373 311 106 141 206 288 116 182 
1206 116 292 102 168 131 296 98 96 182 259 57 81 373 311 105 141 207 288 115 180 
1207 117 291 100 168 131 296 97 96 182 259 57 81 373 311 105 140 206 288 117 181 
1208 116 291 101 169 131 296 97 96 182 259 57 81 372 310 107 143 206 288 116 181 
1209 131 295 98 97 181 259 57 82 373 310 106 142 207 288 115 181 
1210 116 291 101 169 131 296 97 96 180 259 58 81 373 310 106 142 206 288 116 181 
1211 116 290 102 170 130 295 98 97 182 259 57 80 373 311 106 141 207 288 116 181 
1212 116 291 103 169 131 296 98 97 181 259 57 81 373 311 106 141 207 288 115 181 
1213 131 289 97 125 182 259 57 80 372 310 106 143 207 288 116 181 
1214 116 290 102 171 131 295 97 97 182 258 57 81 372 310 106 142 207 288 116 181 
1215 116 289 102 173 129 295 100 98 182 259 56 80 374 311 105 141 204 288 119 181 
1216 117 289 101 171 129 295 100 97 183 258 57 80 373 310 107 143 203 288 119 182 
1217 116 288 102 174 130 294 99 99 183 258 57 81 373 310 107 143 205 287 118 182 
1218 129 295 99 97 117 289 102 173 183 258 56 82 366 309 115 164 205 288 119 182 
1219 117 289 100 172 130 295 99 98 183 258 57 81 373 311 106 141 204 288 118 181 
1220 130 296 99 97 116 289 101 172 182 258 57 82 373 310 107 143 204 288 119 182 
1221 129 296 99 96 116 290 102 171 182 258 57 82 373 310 106 143 205 288 118 181 
1222 116 289 102 173 129 295 100 97 183 258 56 81 373 310 106 142 205 288 118 181 
1223 116 289 102 173 129 295 99 98 183 258 57 81 373 310 107 143 204 288 119 182 
1224 130 295 99 97 116 289 103 173 183 258 57 81 366 309 116 165 205 288 118 182 
1225 130 295 99 98 116 288 102 175 183 258 56 81 373 310 107 143 204 288 118 181 
1226 129 296 99 96 116 291 102 170 183 258 56 82 372 309 107 144 205 288 117 182 
1227 131 295 98 97 116 289 103 173 184 258 56 82 372 309 107 144 204 288 119 182 
1228 130 295 99 98 116 289 102 173 183 258 56 81 373 310 106 143 205 287 118 182 
1229 116 290 101 170 130 295 98 98 184 257 57 82 373 310 107 143 205 288 117 182 
1230 130 294 98 98 116 289 103 173 184 257 57 81 372 310 107 143 205 287 119 183 
1231 117 289 102 173 131 294 97 98 185 258 57 80 373 310 107 143 206 287 117 182 
1232 123 290 109 169 184 258 57 80 373 311 106 140 206 288 116 182 
1233 116 288 103 174 130 294 99 98 184 258 57 81 373 310 106 143 205 288 118 181 
1234 132 288 97 125 183 258 58 82 373 310 106 142 206 288 117 181 
1235 116 286 103 178 183 258 56 83 373 310 106 142 204 287 119 183 
1236 132 285 96 130 182 257 57 85 366 311 115 162 206 288 116 181 
1237 130 284 97 131 182 258 56 86 373 310 106 142 206 287 118 183 
1238 131 285 97 128 182 256 57 87 373 311 106 140 207 288 116 182 
1239 132 286 95 125 182 257 57 88 372 311 106 142 207 288 116 181 
1240 581 295 57 109 132 286 94 125 182 257 57 87 373 311 105 140 207 288 115 182 
1241 583 296 56 106 131 287 95 125 182 257 56 88 371 310 107 142 207 288 116 183 
1242 133 288 93 124 182 256 57 88 372 310 106 142 206 288 116 183 
1243 132 288 94 124 181 257 57 88 372 310 107 142 207 289 115 181 
1244 133 288 92 124 182 256 57 89 372 310 107 143 206 289 116 181 
1245 126 282 105 184 182 257 57 89 373 310 106 141 207 289 116 180 
1246 132 288 93 124 182 257 57 89 366 311 115 162 206 288 116 182 
1247 134 289 92 123 182 256 57 89 372 310 107 142 207 289 115 181 
1248 133 289 92 122 182 257 57 89 372 310 107 142 207 289 116 181 
1249 133 288 94 124 181 256 57 89 373 311 106 141 206 289 116 180 
1250 124 284 107 179 182 256 57 89 373 310 106 143 206 288 117 182 
1251 132 288 95 124 181 256 57 89 373 310 106 142 205 289 118 181 
1252 126 284 105 181 181 256 57 89 374 311 105 141 206 288 117 181 
1253 132 288 94 124 181 256 57 88 373 309 107 144 205 289 118 181 
1254 125 285 106 179 181 257 57 88 373 310 106 143 206 289 117 180 
1255 123 285 108 179 182 257 57 89 373 310 106 142 206 288 117 181 
1256 124 284 107 179 181 256 57 88 373 310 106 143 206 289 117 181 
1257 125 285 106 179 181 256 58 89 373 310 106 143 206 289 117 181 
1258 125 284 107 181 181 256 57 88 373 310 106 142 205 289 117 180 
1259 125 285 106 179 181 257 58 88 373 310 106 142 205 289 118 180 
1260 132 289 94 123 182 257 57 88 374 310 106 143 205 289 118 180 
1261 125 285 106 180 182 257 57 89 373 310 106 142 205 289 118 181 
1262 132 288 93 123 182 256 57 89 374 310 105 142 205 288 118 181 
1263 134 289 90 124 181 256 58 90 372 310 107 141 206 289 115 181 
1264 134 289 90 125 181 257 58 89 372 310 107 143 207 289 116 181 
1265 129 286 99 178 181 256 58 90 373 310 106 142 206 289 115 182 
1266 128 285 101 179 181 257 58 89 372 310 107 142 206 289 115 182 
1267 125 285 106 179 182 257 57 88 372 310 106 142 206 289 117 181 
1268 126 284 105 179 181 257 58 88 373 310 106 142 205 288 118 183 
1269 124 284 107 181 181 257 57 87 372 310 107 143 204 288 119 182 
1270 121 283 110 182 181 258 56 87 374 309 106 143 204 289 119 181 
1271 123 286 109 178 183 258 56 85 373 309 107 143 204 288 118 181 
1272 122 286 110 179 182 257 56 87 373 310 106 142 205 289 118 181 
1273 116 286 103 178 182 257 56 87 374 311 105 141 204 288 118 182 
1274 121 285 111 180 182 257 57 88 374 310 106 142 205 288 118 181 
1275 121 285 112 179 181 257 57 87 373 310 107 143 205 288 117 182 
1276 115 287 104 176 181 258 57 85 373 310 107 143 205 289 118 181 
1277 123 284 110 181 181 257 57 85 373 310 106 142 205 289 117 180 
1278 123 285 109 178 182 258 57 83 373 310 106 142 205 289 117 181 
1279 123 286 109 178 183 258 56 82 372 310 107 142 206 289 117 181 
1280 122 286 110 176 183 258 56 80 373 310 106 142 205 289 117 181 
1281 123 286 110 178 184 258 55 79 373 310 106 142 205 288 117 182 
1282 123 286 110 177 183 258 56 81 373 310 106 142 205 289 117 180 
1283 122 286 111 178 183 258 55 80 373 310 106 143 205 289 117 182 
1284 122 286 110 178 183 258 57 81 373 310 107 142 205 289 117 181 
1285 115 286 105 180 183 258 56 81 367 310 114 163 205 290 117 180 
1286 133 289 96 123 183 258 57 80 372 310 106 142 206 289 115 180 
1287 131 294 97 97 122 285 110 179 182 258 57 82 371 310 107 142 206 288 116 181 
1288 131 295 97 97 123 286 108 177 182 258 57 83 371 310 107 143 207 289 115 181 
1289 130 295 98 97 115 287 104 177 182 258 57 82 372 310 106 141 206 288 115 182 
1290 130 295 98 97 116 287 103 178 183 258 57 81 372 310 107 143 207 289 115 180 
1291 130 294 98 97 115 287 104 178 183 258 56 81 372 310 106 142 206 289 116 179 
1292 130 294 98 97 122 285 110 179 183 258 56 81 372 309 107 143 207 288 115 181 
1293 130 294 97 98 183 259 56 80 372 309 107 143 208 289 115 180 
1294 116 286 103 179 185 261 53 77 373 310 106 142 205 288 118 181 
1295 139 285 91 92 184 261 53 80 373 310 106 142 205 288 117 181 
1296 115 286 103 178 182 259 54 83 373 310 106 142 206 288 117 181 
1297 116 285 102 180 183 259 53 82 373 310 105 140 204 288 118 181 
1298 116 286 101 178 183 259 53 83 374 311 104 139 205 287 118 182 
1299 129 295 98 97 116 286 101 179 181 258 55 85 374 310 105 140 205 287 117 182 
1300 116 287 102 177 181 258 55 85 374 311 105 140 205 287 117 183 
1301 116 286 101 178 182 259 53 83 373 311 106 140 204 287 119 183 
1302 116 286 102 180 182 258 55 83 373 310 105 140 207 287 114 182 
1303 130 295 96 96 182 259 55 79 372 310 107 141 205 289 116 181 
1304 116 284 102 182 187 259 51 76 372 310 106 140 204 289 117 181 
1305 116 284 102 183 187 257 51 78 372 310 107 141 204 287 119 182 
1306 115 284 102 182 190 257 44 76 372 310 107 141 203 288 119 182 
1307 116 284 101 181 187 258 46 77 373 310 106 141 203 288 119 181 
1308 134 283 90 94 117 286 99 179 188 258 45 77 373 310 105 139 204 288 119 180 
1309 116 284 101 182 188 258 45 77 371 310 107 141 204 288 118 181 
1310 187 258 46 74 116 283 102 184 372 311 106 139 204 288 118 181 
1311 135 282 90 96 116 283 101 185 188 258 45 75 373 311 105 139 204 287 118 182 
1312 116 285 101 182 187 257 45 78 374 311 103 138 203 287 119 182 
1313 116 285 101 181 188 257 45 77 373 312 105 138 205 288 117 182 
1314 132 283 91 133 188 257 44 80 373 312 104 138 205 287 117 182 
1315 117 285 100 181 188 258 44 79 373 311 104 138 205 287 117 181 
1316 187 256 45 82 117 285 101 182 373 311 104 138 205 286 117 183 
1317 186 257 45 82 117 285 101 183 373 311 104 139 205 287 117 183 
1318 117 287 101 178 188 258 45 81 372 312 104 138 205 288 117 181 
1319 116 284 101 183 187 258 45 79 374 312 104 137 205 288 117 182 
1320 117 284 101 183 187 257 46 78 374 312 105 137 205 288 117 181 
1321 187 257 46 79 116 282 102 187 366 313 113 160 203 288 119 181 
1322 186 258 45 80 116 283 102 185 368 314 111 159 205 288 117 181 
1323 187 257 45 81 116 281 102 189 368 314 111 158 204 289 118 180 
1324 186 257 45 85 116 280 102 191 368 314 112 159 204 287 118 182 
1325 187 257 45 87 116 282 102 187 370 315 109 157 204 286 118 183 
1326 186 257 45 86 116 281 102 188 370 314 109 157 204 287 118 183 
1327 187 257 44 84 116 283 102 184 369 315 109 157 204 288 118 182 
1328 188 257 44 82 117 284 100 182 369 315 109 157 204 287 118 182 
1329 187 257 46 80 116 286 101 179 369 315 110 157 204 287 118 182 
1330 186 256 47 82 116 285 102 182 369 315 110 157 205 287 117 182 
1331 184 258 47 82 117 286 100 179 369 315 110 158 204 288 118 182 
1332 186 258 45 82 117 287 100 178 368 314 111 159 204 288 118 181 
1333 186 258 45 81 117 287 100 176 370 315 110 158 204 288 118 181 
1334 132 295 94 96 184 259 46 82 117 287 100 177 370 315 108 157 205 287 117 182 
1335 183 258 46 84 117 286 100 179 370 315 109 158 204 288 118 182 
1336 183 258 46 84 124 284 106 181 370 315 109 157 206 287 116 182 
1337 116 286 102 180 183 257 48 81 370 315 110 158 205 287 116 182 
1338 116 285 102 180 183 258 49 80 369 314 110 158 205 288 116 181 
1339 116 284 102 182 184 258 48 72 370 314 110 157 204 287 118 183 
1340 116 284 102 183 184 257 48 74 370 315 110 157 205 286 117 184 
1341 116 285 101 181 184 259 46 74 369 314 111 159 203 287 119 183 
1342 184 259 46 77 116 285 101 181 370 314 110 158 204 288 119 182 
1343 184 259 45 80 117 284 101 184 369 314 112 158 204 287 118 184 
1344 184 258 47 83 117 285 101 180 369 314 111 158 203 286 120 184 
1345 186 259 46 82 116 286 100 178 369 314 111 156 203 288 120 182 
1346 186 259 46 82 117 285 100 181 369 315 111 157 203 287 120 183 
1347 186 259 46 80 117 286 99 180 369 314 111 158 202 287 120 184 
1348 185 257 47 84 117 284 99 181 369 314 111 159 202 287 121 185 
1349 184 257 47 83 559 256 79 143 117 285 100 180 369 314 111 157 203 287 120 184 
1350 184 257 46 81 117 285 100 179 551 253 90 145 368 314 112 158 203 288 119 183 
1351 184 257 46 79 117 286 100 178 546 248 96 160 368 313 113 159 203 287 120 185 
1352 117 284 101 181 187 255 44 63 546 250 97 188 369 314 113 157 203 287 119 183 
1353 184 258 47 79 117 286 100 177 546 250 95 194 368 314 113 159 203 288 120 183 
1354 185 259 46 80 117 286 99 177 531 249 110 197 369 313 112 159 203 287 120 183 
1355 185 258 46 81 117 286 100 179 531 248 110 196 368 313 113 159 202 287 120 183 
1356 184 257 46 81 117 286 100 178 532 247 109 199 368 314 113 159 204 287 119 183 
1357 185 257 46 81 117 285 101 182 547 246 94 199 369 314 112 158 204 288 118 182 
1358 183 257 46 80 117 285 101 180 547 243 94 204 368 314 112 158 204 288 119 182 
1359 183 257 47 79 117 287 101 177 368 314 113 158 549 246 92 198 205 288 119 182 
1360 116 287 101 177 184 257 48 79 369 314 112 157 548 249 94 192 205 287 117 183 
1361 184 257 48 79 117 287 101 177 552 252 90 187 368 314 112 158 204 287 118 183 
1362 117 287 101 176 183 257 48 78 556 254 85 181 367 313 114 159 204 288 118 182 
1363 183 257 47 76 117 287 101 177 560 256 81 177 367 313 114 159 204 288 119 183 
1364 116 286 101 179 187 255 43 64 564 258 77 176 368 314 114 159 204 288 119 183 
1365 567 261 71 172 116 286 102 179 183 257 49 75 369 314 112 157 205 288 117 182 
1366 117 287 101 177 183 257 50 75 369 315 112 157 206 289 116 182 
1367 116 286 102 178 183 257 50 74 369 315 111 156 205 289 117 182 
1368 116 286 102 178 184 257 49 72 369 315 112 156 206 289 116 181 
1369 116 285 103 180 184 257 49 73 370 315 111 156 206 289 117 181 
1370 597 291 42 123 116 285 102 181 185 257 48 71 369 315 112 156 207 290 116 180 
1371 116 284 103 182 186 257 48 74 375 312 104 138 206 289 118 181 
1372 116 284 103 182 185 257 49 74 369 314 112 157 207 289 117 181 
1373 116 283 103 184 186 257 47 74 367 312 114 161 206 287 122 185 
1374 116 285 103 181 185 256 49 75 367 313 114 160 206 288 122 184 
1375 116 285 102 183 185 257 48 75 367 312 114 160 213 288 119 182 
1376 116 285 104 184 186 258 49 74 368 312 113 160 215 288 117 184 
1377 115 285 106 183 185 258 49 75 368 313 113 159 219 289 113 183 
1378 121 287 113 180 185 258 49 75 367 313 114 160 221 290 112 181 
1379 121 286 113 182 184 257 48 76 367 313 113 160 219 288 114 185 
1380 121 286 114 182 184 257 49 77 367 312 113 161 220 290 114 182 
1381 121 286 114 182 184 257 49 77 220 291 116 181 368 313 113 160 
1382 121 286 114 183 184 258 49 79 221 292 113 178 367 312 114 161 
1383 558 275 83 151 122 286 113 181 184 258 49 79 223 294 114 174 368 312 113 160 
1384 121 285 113 185 184 258 48 80 222 293 116 177 367 312 114 161 
1385 122 284 114 183 184 258 48 79 206 306 146 159 369 312 112 161 
1386 123 285 113 184 185 258 47 77 205 304 150 164 368 312 111 160 
1387 185 258 49 82 122 283 113 186 368 311 113 162 207 300 149 169 
1388 122 285 111 183 185 258 49 81 368 311 112 161 207 300 151 170 
1389 561 273 78 155 121 284 114 185 185 258 49 81 366 312 115 161 209 299 152 171 
1390 562 273 76 154 122 285 113 184 185 259 48 78 366 312 115 161 208 299 152 169 
1391 185 258 48 80 122 285 113 185 207 301 152 168 367 312 113 162 
1392 185 258 48 80 122 285 113 185 207 301 151 167 368 312 113 161 
1393 123 284 112 183 185 259 48 80 208 301 149 166 368 313 112 160 
1394 123 284 111 184 184 258 48 79 368 313 111 159 208 303 149 165 
1395 122 284 112 185 185 258 48 81 560 267 80 161 206 304 151 166 368 314 113 157 
1396 185 258 48 81 122 283 112 188 558 272 81 158 369 313 112 159 207 304 149 167 
1397 561 278 80 145 186 259 49 78 122 284 113 186 369 313 112 159 207 302 149 168 
1398 563 283 77 141 186 259 48 78 122 283 111 187 369 313 112 159 206 303 150 168 
1399 579 292 61 112 186 259 47 75 123 285 111 184 369 313 112 159 220 292 128 177 
1400 187 260 45 75 562 284 77 141 123 284 110 186 370 314 111 159 219 292 129 176 
1401 563 285 77 141 187 259 48 77 123 285 110 182 370 314 111 159 220 292 128 176 
1402 557 282 84 138 187 259 50 76 122 285 111 182 370 314 110 158 208 304 146 166 
1403 187 260 50 76 557 283 82 141 123 285 110 183 370 314 110 157 209 305 146 165 
1404 186 260 50 79 558 283 83 137 116 283 103 188 369 314 111 159 209 304 147 167 
1405 559 283 81 137 186 260 51 78 116 284 103 186 370 314 111 159 208 305 147 166 
1406 559 284 81 136 186 260 51 78 116 284 102 185 371 314 109 157 207 304 147 165 
1407 559 283 81 137 187 260 51 75 123 286 110 181 369 314 112 158 206 303 148 166 
1408 186 260 50 76 558 283 83 137 122 285 111 182 370 314 111 158 207 304 148 167 
1409 186 259 51 77 558 283 83 137 122 286 111 182 370 314 111 158 207 303 146 167 
1410 559 283 81 137 187 259 52 76 117 284 102 185 368 313 113 161 215 290 134 182 
1411 557 284 83 136 188 259 51 75 116 283 104 189 369 313 112 161 215 290 133 182 
1412 559 283 81 137 188 259 52 74 116 283 103 188 368 313 113 161 216 290 133 181 
1413 560 284 80 136 122 285 110 184 187 258 50 72 216 290 133 181 368 313 113 160 
1414 560 284 79 136 121 283 112 186 185 258 53 79 368 312 113 161 216 290 133 182 
1415 560 284 80 137 122 283 112 185 184 257 58 82 368 313 113 161 203 301 150 169 
1416 560 284 79 136 121 285 113 181 182 258 58 85 216 290 133 182 368 313 112 161 
1417 562 284 77 136 124 286 111 180 182 258 58 91 368 312 113 161 215 289 133 183 
1418 563 284 76 137 125 286 108 181 182 258 61 94 368 313 114 161 215 288 133 186 
1419 561 284 79 136 123 285 110 182 182 258 65 92 368 313 113 160 215 288 133 185 
1420 560 285 79 136 123 284 111 183 181 258 65 92 368 313 113 161 214 290 134 183 
1421 560 284 80 136 123 286 112 179 177 259 78 92 368 313 113 160 213 289 134 183 
1422 562 284 78 136 122 286 112 179 180 258 67 94 368 313 113 160 214 289 134 183 
1423 559 284 80 137 124 286 110 180 181 258 64 92 368 312 113 161 213 289 134 183 
1424 559 284 81 137 125 285 110 180 180 259 63 92 214 289 134 183 368 313 113 160 
1425 561 285 78 135 124 286 110 178 180 259 63 91 367 312 114 161 199 299 152 169 
1426 560 284 79 136 125 284 109 180 180 259 61 91 368 312 113 162 198 299 154 170 
1427 561 285 78 135 124 286 110 179 180 259 61 91 368 313 112 160 197 300 154 169 
1428 560 284 80 136 124 285 109 179 180 259 61 90 368 313 113 160 197 299 155 169 
1429 563 284 76 137 126 281 109 186 181 259 60 89 370 314 111 158 213 289 133 185 
1430 126 280 108 187 560 285 79 136 181 259 60 88 370 314 111 158 213 289 134 185 
1431 126 281 109 186 561 285 79 136 181 259 60 88 370 314 111 159 213 289 133 185 
1432 127 280 108 187 562 284 77 136 180 259 60 88 369 314 112 159 201 301 150 168 
1433 126 282 109 184 562 284 77 137 181 260 61 88 369 314 112 159 213 289 134 184 
1434 134 285 98 130 559 285 81 136 180 259 61 88 369 314 112 158 200 301 151 169 
1435 133 285 99 130 560 284 79 136 180 260 60 88 370 314 111 158 201 300 150 170 
1436 133 285 98 129 563 284 76 136 180 259 61 89 369 314 112 158 201 301 149 169 
1437 133 285 99 130 559 285 81 136 180 259 61 89 369 314 112 158 203 300 149 170 
1438 134 285 99 131 558 285 81 135 180 259 60 88 370 314 111 159 213 289 134 183 
1439 127 280 108 188 557 285 82 137 181 259 60 88 370 314 111 159 214 289 133 183 
1440 124 286 110 179 561 284 78 136 180 259 61 90 369 314 112 159 201 300 150 168 
1441 116 285 104 182 560 284 79 137 180 259 61 90 370 313 111 159 201 301 150 167 
1442 116 283 103 185 556 284 84 137 180 258 61 91 370 313 111 160 199 300 151 169 
1443 560 284 79 137 116 283 102 186 181 258 59 90 369 313 112 158 198 300 153 168 
1444 180 256 59 90 116 285 102 181 558 284 81 136 369 314 112 158 198 300 153 169 
1445 560 285 80 136 180 257 58 88 116 286 102 181 370 313 112 159 198 301 153 168 
1446 179 257 59 89 116 287 101 178 559 284 80 137 370 313 111 159 198 302 154 167 
1447 179 257 60 89 560 284 80 136 116 288 102 176 370 314 111 158 197 302 154 166 
1448 179 257 59 88 559 285 80 135 116 288 101 176 376 313 103 136 198 301 154 168 
1449 562 284 78 136 179 257 60 89 116 289 101 174 376 313 103 135 197 302 154 166 
1450 168 281 80 78 181 256 59 89 559 285 80 135 116 288 102 176 376 313 102 135 197 301 154 167 
1451 181 257 58 88 559 284 80 136 116 288 101 176 376 313 103 136 198 302 153 166 
1452 170 282 80 77 182 257 58 87 116 289 102 175 557 285 83 135 376 313 103 135 199 303 153 165 
1453 168 285 79 75 180 256 59 88 116 290 102 172 560 284 79 136 369 312 112 159 201 304 151 164 
1454 169 285 78 75 180 256 58 88 560 284 79 136 116 290 103 172 369 312 112 159 203 305 149 163 
1455 180 256 59 89 561 285 78 136 115 291 104 171 368 312 113 159 203 304 148 164 
1456 169 286 78 74 180 256 58 88 116 291 103 170 560 285 79 135 368 312 112 159 203 305 148 163 
1457 169 285 77 74 180 256 58 89 559 284 80 136 116 292 103 170 368 312 113 159 203 305 148 163 
1458 169 287 77 73 181 256 57 87 562 284 77 136 115 291 103 171 369 313 112 159 202 305 149 163 
1459 169 286 77 74 180 256 58 89 562 285 77 136 116 291 102 171 368 312 113 159 203 304 149 164 
1460 169 287 78 73 181 256 57 87 115 292 103 169 559 285 80 135 368 313 113 159 203 304 148 163 
1461 170 287 77 72 181 255 58 88 115 293 103 168 558 285 81 136 368 313 113 159 203 304 148 164 
1462 169 287 77 72 181 256 57 87 116 292 102 170 559 284 80 137 368 312 113 159 203 304 148 164 
1463 181 255 58 89 170 287 77 73 115 291 103 170 559 285 80 136 368 312 112 159 202 303 149 164 
1464 170 287 77 74 181 256 58 89 562 285 77 136 116 291 103 170 368 312 112 159 203 303 148 164 
1465 181 256 58 88 170 287 77 72 116 292 103 169 558 285 81 136 368 312 112 160 201 303 151 164 
1466 170 286 77 73 181 256 57 88 116 291 102 170 558 285 81 135 368 312 112 159 205 304 147 164 
1467 181 256 58 88 170 288 77 73 116 292 102 168 556 285 83 136 376 313 103 136 202 304 150 164 
1468 181 256 57 87 171 287 77 72 116 292 101 168 559 285 80 136 368 313 112 158 204 304 148 164 
1469 181 257 57 87 171 287 77 72 116 291 102 172 558 285 81 136 369 313 112 158 204 304 148 164 
1470 181 256 57 88 171 287 78 73 116 292 102 168 559 285 80 136 369 312 112 159 205 304 147 164 
1471 181 257 57 87 170 286 78 73 116 291 103 170 557 285 83 136 368 313 112 158 203 304 148 164 
1472 182 257 57 86 171 287 77 72 116 292 102 168 558 286 82 134 376 313 102 135 205 305 147 163 
1473 182 257 57 86 170 286 78 74 116 292 102 168 557 284 82 136 369 313 111 158 205 304 148 164 
1474 171 286 78 73 181 257 56 86 117 292 101 170 558 284 81 137 368 313 112 158 206 304 147 164 
1475 171 286 79 72 181 258 56 85 116 292 102 170 559 285 80 136 368 313 113 158 205 306 148 162 
1476 170 287 77 71 181 258 56 85 116 291 103 171 558 285 81 136 368 313 112 158 203 305 150 163 
1477 170 286 78 71 182 259 56 84 116 290 102 173 558 285 81 135 367 313 113 159 204 307 151 161 
1478 171 287 78 71 182 258 57 84 116 290 102 172 559 285 80 136 374 312 103 137 207 305 150 164 
1479 170 286 79 71 181 259 57 84 116 291 102 170 557 285 83 136 374 312 103 136 208 307 149 160 
1480 170 286 80 71 181 259 57 84 558 286 81 135 116 290 101 172 367 312 114 159 208 310 149 158 
1481 170 287 81 71 182 259 57 84 115 289 103 172 557 285 82 136 366 312 115 160 209 312 149 154 
1482 170 261 79 82 115 290 103 171 559 286 81 135 374 312 104 137 208 312 151 156 
1483 172 260 78 83 116 290 102 173 559 285 81 135 374 312 105 137 210 315 148 154 
1484 116 290 103 173 172 260 78 84 557 285 83 135 211 320 148 149 373 312 105 137 
1485 116 288 103 176 172 261 78 82 558 286 81 134 211 320 149 146 372 312 106 137 
1486 123 294 116 163 172 261 78 83 559 285 81 134 210 323 154 143 374 312 104 137 
1487 123 293 116 163 172 262 78 81 557 285 82 136 207 322 159 145 375 312 103 137 
1488 173 261 77 81 122 293 117 164 562 285 78 135 210 320 157 148 375 311 103 138 
1489 173 262 77 81 122 293 119 166 561 285 79 135 212 321 154 147 376 311 104 139 
1490 173 262 77 81 123 293 118 165 561 285 79 135 228 323 144 146 374 312 104 138 
1491 174 262 76 79 122 293 119 165 560 284 80 135 228 324 142 146 374 312 104 138 
1492 174 262 76 80 123 292 119 166 560 285 80 135 230 325 141 144 374 311 104 138 
1493 171 284 87 81 184 260 56 80 559 285 81 134 123 292 119 167 231 324 140 147 374 312 104 138 
1494 171 282 88 83 184 261 56 79 123 293 119 164 562 284 78 136 230 324 141 147 375 312 104 137 
1495 171 283 88 82 184 261 56 78 123 293 120 163 561 284 79 136 227 325 144 147 375 312 104 137 
1496 171 283 86 80 183 262 56 78 562 284 77 136 123 293 119 162 226 322 146 148 376 312 103 137 
1497 174 265 76 77 578 295 61 110 122 293 119 161 213 323 154 146 376 312 103 137 
1498 172 283 84 78 182 263 55 77 562 284 78 137 121 292 117 163 212 319 154 149 376 312 103 137 
1499 123 293 116 162 180 263 54 76 558 284 82 137 212 319 152 148 375 312 103 137 
1500 563 283 77 138 180 264 53 77 122 293 116 164 216 314 148 156 374 313 104 136 
1501 563 284 77 137 179 264 53 77 122 294 114 162 374 313 104 136 223 310 152 162 
1502 562 283 77 137 179 264 53 78 123 294 114 162 214 312 151 157 374 313 104 136 
1503 123 294 114 162 178 265 53 77 562 283 77 138 373 312 106 138 213 311 151 157 
1504 178 265 53 78 561 283 78 138 117 288 102 174 373 312 106 138 208 309 153 161 
1505 178 265 54 77 117 290 101 169 559 284 81 137 373 312 105 137 208 309 155 159 
1506 578 295 61 109 177 265 54 78 117 289 100 170 367 312 113 159 205 306 155 162 
1507 177 265 53 76 561 284 79 136 117 290 100 169 367 312 113 159 204 304 154 166 
1508 176 265 54 75 561 284 78 137 117 289 100 173 368 312 113 160 203 305 153 162 
1509 178 265 52 75 563 282 76 139 118 288 99 174 203 305 150 162 368 312 112 160 
1510 177 265 52 73 561 283 79 138 117 288 99 173 369 312 111 161 212 293 133 176 
1511 177 265 52 74 561 283 79 138 118 288 98 172 369 312 112 159 211 293 132 177 
1512 178 264 52 75 563 283 76 139 118 288 98 173 369 312 112 160 210 291 131 179 
1513 177 264 52 76 562 282 78 140 118 288 98 173 368 312 112 160 211 291 131 179 
1514 178 264 52 77 560 280 80 141 118 288 98 173 212 291 129 180 368 312 113 160 
1515 564 279 76 144 177 264 52 77 117 287 99 175 211 291 128 180 368 313 114 159 
1516 563 280 77 142 177 264 52 77 118 289 99 171 368 313 113 158 210 291 130 180 
1517 177 264 52 77 563 281 77 141 118 287 98 173 209 291 131 180 368 313 112 159 
1518 177 264 53 78 562 280 78 141 119 288 96 171 209 291 130 180 368 312 112 159 
1519 178 264 51 77 560 281 80 140 118 287 97 173 209 290 130 181 368 312 113 160 
1520 177 264 52 77 559 281 81 141 118 288 97 172 208 291 131 181 368 312 112 160 
1521 177 264 52 78 118 288 97 173 208 291 131 181 368 312 112 160 
1522 561 279 79 143 117 287 99 176 208 290 131 183 368 312 113 160 
1523 561 280 79 142 118 287 98 174 210 289 130 184 367 311 114 161 
1524 176 264 54 79 118 288 99 174 211 290 128 183 367 312 113 159 
1525 177 264 53 78 118 290 98 170 212 290 128 183 368 313 112 158 
1526 177 264 53 78 557 280 84 142 117 289 99 171 211 290 129 182 368 313 112 158 
1527 561 280 80 142 177 263 53 77 117 289 98 170 212 290 128 182 368 313 112 158 
1528 560 279 81 143 177 263 53 77 117 290 99 170 368 313 112 158 211 289 130 183 
1529 561 280 80 143 177 263 53 77 118 289 97 172 368 312 112 159 211 291 131 181 
1530 561 280 80 143 178 264 52 76 118 287 99 176 368 312 113 160 212 291 131 180 
1531 561 280 80 143 178 264 52 77 118 287 99 175 368 312 112 161 212 292 131 179 
1532 562 280 78 142 178 264 52 78 117 287 99 175 369 312 112 160 201 304 150 165 
1533 560 279 81 143 178 264 52 78 117 288 100 175 367 312 113 160 202 303 150 165 
1534 563 280 78 143 179 264 52 78 117 287 100 176 368 311 112 161 201 303 152 166 
1535 179 263 53 79 560 280 81 141 117 287 101 177 367 312 113 160 201 303 152 168 
1536 179 264 53 78 559 280 82 142 117 287 99 173 367 312 113 159 198 303 155 167 
1537 562 280 78 142 179 264 53 78 118 288 99 173 368 312 112 159 199 304 154 165 
1538 179 264 53 78 558 281 83 142 117 288 100 174 374 312 104 136 200 306 154 163 
1539 561 280 79 141 179 264 53 78 117 288 101 174 374 312 104 137 204 307 152 163 
1540 179 264 53 78 560 281 80 140 117 288 101 173 372 312 106 138 207 308 151 162 
1541 180 264 53 77 563 280 78 142 117 288 102 172 372 311 106 138 207 309 152 162 
1542 179 264 53 78 557 281 83 141 117 288 101 173 372 312 106 138 209 309 150 161 
1543 180 264 53 78 116 287 103 174 559 281 82 141 373 312 105 137 208 309 151 160 
1544 179 264 53 78 116 289 102 171 559 281 82 140 373 311 106 139 210 310 150 159 
1545 180 264 53 77 116 287 102 174 560 280 80 141 367 312 114 159 209 310 151 159 
1546 180 264 53 78 117 288 102 173 558 281 82 142 367 312 114 159 209 308 150 161 
1547 180 264 53 77 116 288 102 171 559 280 81 142 367 312 114 160 208 311 151 158 
1548 180 264 53 78 116 288 102 174 558 281 82 140 367 312 114 161 206 310 152 158 
1549 180 264 53 79 116 288 102 174 562 282 78 139 367 313 113 159 206 307 151 162 
1550 179 263 53 80 116 288 102 173 559 283 81 138 368 312 113 159 205 307 152 163 
1551 181 263 52 79 116 287 102 176 558 283 82 138 368 313 112 158 201 306 153 164 
1552 180 263 52 79 116 287 102 176 559 282 82 139 374 312 104 137 201 304 154 166 
1553 181 263 53 78 116 287 102 175 559 282 81 139 368 312 112 158 201 303 153 166 
1554 116 286 102 177 559 282 82 138 369 312 111 159 201 305 152 165 
1555 560 282 80 139 116 286 102 177 368 313 112 158 202 304 151 166 
1556 560 281 80 140 117 286 101 177 369 312 111 159 201 304 152 168 
1557 561 281 79 140 117 286 100 178 368 312 112 160 205 305 148 166 
1558 562 281 78 141 116 285 102 180 367 311 113 162 203 303 148 167 
1559 561 280 79 141 117 286 100 180 368 312 113 161 202 305 148 166 
1560 561 280 79 142 117 286 100 179 368 312 112 160 215 295 122 174 
1561 564 279 77 143 117 285 101 180 215 295 120 175 367 313 114 159 
1562 563 280 78 142 117 286 101 178 367 312 113 159 205 295 124 174 
1563 562 280 78 143 117 285 100 179 367 312 114 160 205 296 122 172 
1564 561 280 79 143 117 285 100 179 366 312 114 160 205 297 121 171 
1565 563 279 78 143 117 285 100 181 366 312 114 160 205 298 121 169 
1566 561 280 79 143 117 285 100 179 367 312 114 160 205 299 121 168 
1567 560 279 80 143 117 285 99 178 205 300 123 166 366 312 115 160 
1568 180 259 56 83 559 280 82 143 117 285 100 179 205 300 123 166 366 312 114 160 
1569 171 287 82 73 560 280 79 143 116 285 101 180 205 299 123 167 367 312 114 159 
1570 170 285 83 75 561 280 79 142 117 285 100 179 366 312 115 160 205 299 122 167 
1571 171 285 82 74 561 280 79 143 116 285 100 180 366 312 115 160 205 299 121 167 
1572 179 260 57 86 169 284 81 74 561 281 79 141 116 284 101 179 206 301 120 165 367 313 114 159 
1573 178 260 57 86 169 284 81 74 562 280 77 143 116 285 101 179 367 313 115 158 206 300 120 166 
1574 168 284 82 74 563 280 76 143 179 260 57 84 117 285 99 176 206 301 120 164 367 313 114 158 
1575 179 260 57 85 168 284 82 74 564 280 76 142 116 285 100 177 367 313 113 159 206 301 120 163 
1576 168 284 81 74 178 260 57 85 560 280 80 141 116 285 100 178 367 312 114 159 206 301 119 164 
1577 562 280 78 142 117 285 99 179 366 312 115 161 206 300 120 166 
1578 562 280 78 141 118 285 99 180 366 312 115 160 206 300 119 165 
1579 563 280 77 142 117 284 100 182 366 312 115 161 206 299 119 167 
1580 564 280 75 142 117 285 100 180 366 311 115 161 206 300 118 165 
1581 563 280 77 142 118 286 99 178 366 312 115 161 206 300 119 166 
1582 563 280 76 143 116 285 101 179 365 312 115 160 206 299 120 167 
1583 580 295 58 110 117 284 100 181 366 312 115 161 206 298 120 168 
1584 565 280 75 143 117 284 100 181 365 312 115 161 206 299 119 167 
1585 580 295 59 110 117 281 100 187 204 297 124 171 365 312 116 161 
1586 564 280 76 142 117 282 101 186 213 293 122 179 365 312 116 160 
1587 580 295 58 110 180 260 58 89 117 284 101 184 214 293 123 179 366 312 116 160 
1588 580 295 58 111 179 261 57 88 116 284 102 182 201 303 150 170 366 312 115 160 
1589 580 295 58 109 180 261 57 88 117 283 102 185 367 312 113 159 201 305 150 168 
1590 179 261 57 89 117 283 102 185 200 305 151 168 368 313 112 158 
1591 179 261 57 89 124 286 109 176 368 313 113 159 205 305 152 170 
1592 580 295 59 111 179 262 57 89 124 288 108 174 368 312 113 159 206 305 153 170 
1593 580 295 58 110 179 262 58 90 124 288 108 173 367 311 114 162 207 304 151 169 
1594 563 281 76 141 179 261 57 90 124 288 108 173 368 312 113 161 205 306 151 164 
1595 580 295 58 110 180 261 56 90 124 287 108 175 203 308 149 161 368 311 113 162 
1596 580 295 59 111 172 276 84 89 125 288 109 171 202 307 149 162 368 312 113 160 
1597 562 281 78 142 172 275 85 91 125 286 109 175 203 306 148 164 368 312 113 160 
1598 562 281 77 143 171 274 86 92 133 285 98 132 205 305 147 164 368 311 113 162 
1599 581 295 57 110 171 274 87 91 126 285 109 176 206 306 147 165 368 311 113 161 
1600 171 275 86 90 126 286 108 175 204 307 149 163 367 311 113 161 
1601 564 280 75 142 170 274 87 92 125 285 109 176 205 306 148 164 368 312 113 160 
1602 172 276 83 87 580 295 58 110 125 286 109 174 200 307 153 161 369 313 112 158 
1603 581 295 57 110 172 275 83 89 133 286 99 133 201 308 151 161 369 313 112 159 
1604 179 261 57 90 564 281 75 142 126 287 108 173 203 308 150 161 368 313 113 158 
1605 171 277 84 87 565 279 75 143 132 285 100 132 200 308 153 160 369 312 112 159 
1606 172 278 83 85 562 280 77 142 126 287 109 172 200 307 152 161 368 312 113 160 
1607 172 279 82 84 580 295 59 110 125 288 107 172 200 306 151 164 368 312 112 159 
1608 172 277 83 87 564 279 75 144 125 288 108 172 199 306 153 165 376 313 102 135 
1609 173 279 81 85 563 280 76 143 124 288 108 173 198 305 153 166 368 312 113 159 
1610 564 280 76 143 125 287 106 174 197 305 153 165 369 313 112 158 
1611 563 280 76 142 173 277 82 87 125 287 106 173 375 312 104 136 198 306 152 166 
1612 178 261 56 88 563 281 76 141 126 287 105 172 368 311 113 161 200 307 150 165 
1613 126 287 105 174 367 311 114 161 200 306 150 165 
1614 566 280 74 144 132 286 95 129 367 311 114 161 200 306 151 165 
1615 563 281 76 142 133 286 94 129 368 312 113 161 200 305 151 167 
1616 178 261 56 87 564 281 75 142 133 286 94 127 367 311 114 161 199 306 152 166 
1617 564 280 75 142 178 261 57 88 133 287 93 126 367 311 114 161 199 308 151 164 
1618 562 281 77 142 178 261 57 87 118 287 98 176 201 309 151 163 368 312 113 161 
1619 580 295 58 111 178 261 57 87 117 287 100 177 368 312 113 160 203 309 148 162 
1620 178 261 57 88 167 276 88 90 564 280 75 143 117 286 99 177 203 308 149 163 368 312 113 160 
1621 580 295 59 111 178 260 56 88 118 286 98 177 204 307 148 166 368 312 113 161 
1622 581 294 57 111 119 285 96 178 179 259 56 88 204 307 148 165 367 312 114 160 
1623 580 295 58 111 118 286 95 177 179 259 55 89 213 295 133 175 367 312 113 160 
1624 581 295 58 111 117 286 97 179 179 260 56 88 213 295 133 174 369 312 112 160 
1625 565 280 75 143 117 285 98 181 179 260 56 89 213 295 133 175 368 311 113 161 
1626 565 279 74 144 117 286 98 179 180 260 56 88 213 294 133 176 368 312 113 160 
1627 563 281 76 142 117 286 98 178 180 259 56 89 214 294 133 175 368 311 114 161 
1628 581 295 57 110 117 286 98 179 180 260 56 89 214 295 133 175 368 311 113 161 
1629 565 280 74 144 117 286 97 176 179 260 56 89 214 295 132 173 368 311 113 161 
1630 580 295 58 110 179 260 56 90 117 286 97 178 213 295 133 175 368 312 112 160 
1631 179 259 57 90 117 286 98 177 214 294 133 176 367 311 114 161 
1632 580 295 59 110 179 261 55 85 116 284 99 181 213 294 133 176 368 313 113 158 
1633 564 280 75 142 179 262 55 83 117 285 98 179 212 295 134 175 369 313 113 158 
1634 179 262 55 84 116 284 98 179 213 294 133 176 369 312 112 159 
1635 580 294 59 111 179 262 56 83 116 284 100 180 213 294 133 175 368 312 113 159 
1636 563 281 76 141 180 262 56 85 116 284 99 181 213 294 133 176 368 313 113 158 
1637 579 295 60 110 179 262 55 84 116 283 99 182 213 294 133 176 369 313 112 158 
1638 564 280 75 142 179 262 55 84 116 283 101 183 213 294 133 175 368 312 113 159 
1639 564 281 75 142 116 283 99 182 180 262 54 85 213 294 133 176 368 313 113 159 
1640 117 282 99 184 564 280 76 142 213 295 132 174 368 312 113 159 
1641 179 262 55 85 563 281 77 141 116 282 100 185 213 294 132 175 368 312 113 159 
1642 580 294 58 111 179 262 55 84 116 282 100 183 213 295 132 175 369 313 112 158 
1643 171 280 83 85 116 284 100 180 200 306 152 164 368 312 113 159 
1644 579 295 59 109 116 286 100 178 369 313 111 158 199 306 152 164 
1645 563 280 76 142 116 285 101 179 368 313 113 158 198 306 153 164 
1646 170 282 84 82 116 286 101 179 368 313 113 158 199 306 151 163 
1647 170 285 83 80 562 282 77 140 116 285 102 180 368 313 112 159 199 305 152 165 
1648 564 281 76 141 116 284 102 183 367 312 113 160 199 305 152 166 
1649 563 282 76 140 116 284 102 182 368 312 113 160 199 305 151 166 
1650 563 281 76 141 116 284 103 183 367 312 113 160 199 305 151 166 
1651 563 282 76 140 116 284 103 184 367 312 114 161 199 306 152 164 
1652 563 281 76 141 116 285 103 182 367 311 114 161 200 307 151 163 
1653 579 295 59 109 117 285 102 181 200 307 151 163 367 312 113 160 
1654 580 294 59 110 116 285 102 183 199 307 152 163 367 312 113 160 
1655 579 296 59 109 117 285 101 182 367 312 114 160 199 308 152 163 
1656 564 281 76 141 117 284 101 183 367 312 114 160 198 307 153 163 
1657 563 281 76 141 116 285 102 182 200 307 151 162 367 312 113 159 
1658 177 262 55 86 116 284 102 183 367 312 115 161 196 305 155 164 
1659 579 295 59 109 116 284 102 184 367 312 114 160 198 304 154 166 
1660 177 261 55 85 562 282 77 140 116 284 102 183 367 312 114 161 196 303 155 167 
1661 580 295 58 109 178 261 55 86 116 283 102 185 367 312 114 160 196 304 155 166 
1662 177 262 56 84 562 281 77 141 116 284 102 183 368 312 113 160 196 304 155 165 
1663 580 295 58 109 177 262 55 85 116 283 102 184 369 313 112 159 195 305 156 163 
1664 563 281 76 140 178 261 55 85 116 283 101 183 367 312 114 160 195 304 156 165 
1665 562 281 77 142 178 261 55 85 116 283 102 183 368 312 113 160 195 304 156 166 
1666 581 295 57 110 178 261 56 85 116 283 102 183 367 312 114 161 195 305 156 165 
1667 579 294 59 110 178 260 56 87 116 282 102 183 368 313 113 159 195 305 156 165 
1668 564 280 75 142 116 283 102 181 197 307 155 160 368 313 112 159 
1669 564 280 75 142 116 281 103 186 212 293 129 178 368 313 113 158 
1670 179 261 54 86 563 281 76 141 117 283 102 183 197 306 155 161 368 313 113 159 
1671 179 260 55 86 581 293 57 112 120 286 116 174 197 307 155 160 368 313 112 159 
1672 580 295 58 110 179 260 55 87 117 283 101 183 196 306 155 163 367 312 114 160 
1673 564 282 75 142 179 260 55 87 121 286 114 174 367 313 114 160 196 305 155 165 
1674 580 296 58 111 180 261 56 87 122 288 111 171 196 307 155 164 369 315 112 157 
1675 118 288 100 173 178 261 57 88 599 291 39 119 372 316 108 153 196 309 156 163 
1676 122 288 112 170 180 261 56 87 560 282 81 141 197 307 154 163 367 314 113 159 
1677 179 260 56 88 121 286 115 175 558 282 83 140 197 305 154 164 368 313 114 159 
1678 179 260 56 88 121 286 116 175 554 282 86 141 198 304 154 164 367 312 114 160 
1679 121 287 115 173 178 259 57 88 197 305 153 161 375 313 104 136 
1680 122 287 114 173 179 260 56 87 198 305 153 160 369 314 112 158 
1681 122 286 113 174 179 260 55 86 196 305 154 162 376 312 104 137 
1682 121 287 113 172 179 260 56 87 561 260 78 171 198 306 153 160 368 314 113 157 
1683 179 261 56 87 117 286 100 180 556 259 83 171 196 305 156 161 369 314 112 157 
1684 121 287 113 172 179 260 56 87 555 251 84 187 197 306 154 161 369 314 112 158 
1685 118 285 100 179 179 260 55 86 554 246 86 166 368 314 113 158 195 305 156 163 
1686 179 261 54 84 117 285 101 180 554 251 87 186 369 314 113 158 195 305 157 162 
1687 178 260 55 85 116 285 102 180 553 253 88 182 195 306 156 160 368 314 113 157 
1688 117 285 101 180 179 260 55 85 553 254 87 181 195 305 156 161 368 314 113 157 
1689 178 260 55 86 117 285 102 179 553 254 88 180 196 306 156 161 369 314 112 157 
1690 116 284 102 181 178 260 56 87 552 253 88 183 194 305 157 162 369 314 112 157 
1691 178 261 55 85 117 284 102 181 552 254 88 181 369 314 112 157 195 305 156 162 
1692 179 260 54 85 116 284 102 181 551 255 89 181 195 304 157 162 369 314 112 157 
1693 116 283 102 181 178 260 56 85 552 255 89 180 196 305 155 162 369 314 112 158 
1694 178 261 55 84 116 283 102 183 555 252 86 184 196 304 156 163 368 314 113 157 
1695 178 262 54 83 116 284 100 180 556 250 83 189 196 305 155 162 369 313 113 158 
1696 169 281 83 84 116 283 100 181 558 248 82 163 198 306 153 161 369 313 113 159 
1697 170 279 84 87 564 252 75 158 198 307 153 162 369 314 112 158 
1698 115 283 101 183 170 278 85 90 565 245 74 166 213 292 130 178 369 314 112 158 
1699 115 282 101 184 169 280 85 86 200 305 151 164 375 312 104 137 
1700 169 281 84 85 115 283 101 182 213 292 130 179 375 313 105 136 
1701 169 280 85 87 115 282 102 183 213 291 130 179 375 312 105 138 
1702 167 287 85 80 376 312 103 136 213 290 130 181 
1703 115 285 102 179 169 284 86 84 212 291 130 180 368 312 113 160 
1704 169 284 86 84 116 285 101 179 368 312 113 160 213 290 130 181 
1705 167 283 88 85 116 285 100 179 368 312 113 160 197 301 152 169 
1706 168 285 86 83 117 287 98 176 201 262 53 72 368 312 113 160 196 304 151 168 
1707 116 286 100 177 201 263 52 74 368 312 113 160 212 290 130 180 
1708 560 251 79 158 116 286 100 179 201 264 53 74 368 313 113 160 196 302 151 170 
1709 559 252 81 157 116 284 100 182 201 264 54 75 368 312 112 160 197 301 150 172 
1710 558 260 80 167 116 284 101 181 201 264 54 75 368 313 113 160 197 303 150 169 
1711 557 251 81 160 116 283 101 184 204 264 51 72 368 313 113 158 197 301 149 172 
1712 557 252 82 159 116 282 101 186 205 265 52 74 368 312 113 160 199 302 148 169 
1713 115 282 102 186 556 252 83 159 206 265 53 75 368 313 112 159 198 302 148 170 
1714 115 282 102 185 555 252 84 158 205 265 55 78 368 313 113 159 199 304 148 167 
1715 115 283 102 183 555 252 84 159 205 265 56 78 368 313 113 159 199 305 148 166 
1716 174 290 78 79 115 285 102 181 558 259 82 169 204 265 56 79 368 312 113 160 199 306 148 164 
1717 174 290 79 79 116 285 102 180 556 253 83 157 205 265 57 80 369 313 112 159 198 306 149 164 
1718 170 290 81 79 115 286 103 177 557 253 81 157 205 265 57 79 369 313 112 159 197 307 150 162 
1719 170 290 81 78 115 287 102 175 558 259 81 170 206 265 57 79 369 313 113 159 196 306 151 163 
1720 171 290 81 79 115 287 103 175 557 253 82 158 205 266 56 78 368 313 113 159 197 305 150 164 
1721 170 290 82 79 115 287 104 176 555 253 84 155 206 266 56 79 368 313 112 158 197 306 151 163 
1722 169 290 83 80 560 251 79 158 115 287 103 175 207 266 56 80 369 313 112 159 212 291 129 182 
1723 170 290 84 80 557 250 82 158 115 287 103 175 207 266 55 76 369 313 112 159 199 307 151 163 
1724 170 290 85 81 557 249 82 159 115 286 103 177 203 266 58 78 368 313 113 159 200 307 150 163 
1725 168 288 86 83 560 248 78 161 115 286 104 177 202 265 58 81 369 313 112 159 199 304 151 165 
1726 115 286 103 178 202 265 58 81 368 312 113 160 199 304 150 167 
1727 169 288 85 81 115 285 103 179 203 265 58 80 367 312 113 160 199 302 150 168 
1728 169 289 83 80 115 285 103 179 205 265 56 79 368 312 113 160 211 288 132 185 
1729 115 285 103 179 204 264 56 80 367 313 112 159 210 288 132 184 
1730 116 285 101 178 204 264 55 80 367 313 113 159 211 289 129 184 
1731 558 274 82 150 116 284 101 180 205 265 53 79 368 313 113 159 211 288 129 184 
1732 183 287 52 83 561 279 79 144 116 284 101 179 206 264 51 78 368 313 113 158 210 288 130 183 
1733 183 286 51 83 116 284 101 179 554 280 86 145 206 265 50 74 368 313 113 158 210 289 130 182 
1734 184 287 51 83 578 291 63 116 116 283 101 181 206 265 49 74 367 313 114 159 210 291 129 179 
1735 184 287 50 83 579 292 63 114 117 284 99 180 207 266 48 73 367 312 114 160 211 291 129 180 
1736 186 287 49 83 580 293 61 112 117 283 100 181 206 266 48 73 367 312 115 161 210 291 130 180 
1737 597 292 42 119 117 282 100 182 206 266 48 74 366 312 115 161 210 291 130 181 
1738 117 283 100 182 206 266 48 74 366 312 115 160 210 290 130 181 
1739 122 285 110 175 206 266 49 74 366 312 115 161 210 290 130 181 
1740 121 286 113 174 205 266 50 74 366 312 115 161 210 290 131 181 
1741 122 287 112 172 205 266 50 75 367 312 114 160 211 291 129 181 
1742 579 296 61 100 122 285 112 174 206 264 51 79 211 291 128 181 366 312 115 161 
1743 580 292 62 111 123 285 111 175 206 264 50 78 212 292 127 180 367 312 114 160 
1744 556 279 85 145 123 285 112 175 207 264 50 79 367 312 114 160 211 292 128 181 
1745 556 280 85 144 123 286 112 174 206 264 50 79 212 293 127 178 367 313 113 159 
1746 561 268 78 163 122 285 113 177 206 264 50 80 367 312 114 160 210 292 129 181 
1747 123 285 112 175 206 264 50 81 367 313 113 159 210 292 130 180 
1748 560 246 80 165 123 285 112 176 205 263 50 81 367 312 114 160 211 293 129 179 
1749 556 251 83 158 122 286 113 176 205 264 51 82 367 313 114 159 210 292 129 180 
1750 557 251 82 160 122 286 112 176 205 263 51 82 367 313 114 159 210 292 129 180 
1751 122 285 113 177 555 250 82 162 204 263 51 83 367 313 114 159 211 292 128 179 
1752 122 282 113 181 555 251 82 161 204 263 51 83 367 313 114 159 211 292 128 179 
1753 122 285 113 178 204 263 51 83 554 258 85 174 367 313 114 159 212 292 127 181 
1754 121 283 115 182 203 262 53 85 554 256 85 177 367 312 115 160 212 290 128 183 
1755 122 282 114 183 204 262 52 86 554 257 84 175 366 312 114 160 212 290 128 184 
1756 121 283 115 181 204 262 52 86 554 257 84 176 367 313 114 159 212 289 128 185 
1757 120 285 115 176 203 262 54 88 554 257 85 175 367 313 114 160 212 290 129 185 
1758 120 285 116 177 202 262 56 88 554 257 84 175 367 313 114 160 213 290 127 184 
1759 121 286 115 176 200 263 56 89 554 258 85 175 368 313 113 158 213 291 129 183 
1760 121 285 116 177 200 263 58 89 553 258 86 175 368 313 113 159 214 292 131 183 
1761 121 287 116 174 198 263 59 89 553 257 85 175 368 313 113 158 215 293 129 180 
1762 121 285 115 176 198 263 61 91 553 257 86 177 369 313 112 158 216 294 128 177 
1763 121 285 116 177 197 263 61 92 553 258 86 176 369 313 112 159 217 295 127 177 
1764 120 283 116 180 194 265 67 103 553 257 86 177 218 295 127 177 368 312 112 160 
1765 121 284 114 177 198 263 61 92 553 257 87 179 208 307 143 162 368 312 111 160 
1766 122 284 113 177 195 265 66 104 553 258 86 177 207 308 143 161 368 312 111 159 
1767 121 285 114 175 195 266 65 102 553 257 86 177 372 314 104 136 207 307 144 161 
1768 123 283 112 178 195 266 64 102 553 258 87 176 207 308 144 161 373 314 104 135 
1769 122 284 113 177 199 264 58 88 553 258 86 177 217 292 128 182 371 314 103 134 
1770 123 284 112 176 199 264 57 87 554 258 85 177 217 293 127 179 371 313 102 136 
1771 122 284 114 177 199 264 59 88 554 257 84 177 217 294 127 178 370 312 103 138 
1772 124 284 111 176 199 263 60 90 553 258 87 177 370 311 102 138 217 294 127 178 
1773 122 284 113 178 199 263 60 91 553 258 86 176 216 293 127 180 371 312 101 138 
1774 123 283 111 179 200 263 59 90 553 258 85 176 363 310 102 142 215 293 128 180 
1775 123 283 111 178 200 263 57 88 552 258 87 176 363 310 98 141 213 292 129 183 
1776 121 283 114 180 201 263 57 89 553 258 86 174 214 292 128 181 363 309 97 143 
1777 121 285 113 177 202 263 57 89 553 258 86 174 214 292 128 181 362 308 96 143 
1778 117 283 101 185 202 263 56 88 553 258 86 174 361 308 95 142 214 293 127 179 
1779 121 283 114 181 202 263 57 89 554 258 85 174 360 307 95 144 213 293 128 179 
1780 117 283 100 184 202 263 56 89 554 259 85 173 358 306 95 146 199 304 148 168 
1781 117 283 101 184 202 264 56 87 554 258 85 174 358 306 95 147 199 302 148 169 
1782 117 283 100 186 201 264 56 87 555 259 84 173 357 306 96 146 196 301 150 171 
1783 117 283 100 186 202 263 55 88 554 259 85 172 357 306 96 147 198 301 149 171 
1784 118 283 99 185 202 264 55 87 554 259 85 173 356 305 97 148 198 302 149 170 
1785 117 283 100 185 201 263 55 89 554 258 84 174 357 305 98 148 208 294 132 177 
1786 117 283 100 185 201 262 54 90 554 259 84 173 197 302 148 169 357 305 97 148 
1787 117 283 100 186 201 262 53 90 554 258 85 176 357 305 97 147 208 293 132 178 
1788 117 283 100 184 201 262 53 90 555 258 84 174 208 292 132 178 358 306 96 147 
1789 123 283 112 180 201 262 52 92 555 258 83 173 209 292 131 178 359 306 96 146 
1790 123 283 112 180 201 262 51 89 554 257 85 174 208 291 131 180 359 307 96 145 
1791 123 283 112 182 200 261 53 93 554 257 85 175 209 291 130 180 358 307 96 146 
1792 126 284 109 179 199 262 53 91 553 256 86 177 209 292 131 179 359 306 96 146 
1793 126 283 109 181 200 262 51 88 553 255 85 179 209 291 130 180 359 307 96 146 
1794 125 283 109 180 200 263 50 86 553 254 86 181 210 292 129 179 359 306 96 147 
1795 126 284 106 179 200 263 50 84 553 255 86 180 210 293 130 177 358 306 97 147 
1796 127 285 104 178 201 264 49 80 552 250 86 162 209 294 130 176 358 307 97 146 
1797 124 285 107 177 200 264 48 80 552 256 87 178 356 305 98 148 209 292 130 179 
1798 119 284 97 181 192 266 48 81 552 256 86 178 356 307 98 147 208 292 131 179 
1799 118 284 98 181 192 266 48 81 553 250 85 161 357 307 98 146 209 292 129 178 
1800 124 286 107 176 192 267 48 79 553 250 85 161 356 307 99 144 210 294 127 176 
1801 124 286 107 174 193 268 48 78 552 250 86 161 357 308 99 143 210 294 127 175 
1802 124 287 107 174 553 250 85 161 193 269 48 77 358 309 98 142 210 295 127 174 
1803 126 286 104 175 553 250 85 161 193 270 48 76 211 293 127 176 359 308 98 141 
1804 127 286 103 174 199 269 49 79 552 250 86 161 212 292 127 178 359 308 97 142 
1805 135 287 91 128 199 271 51 76 553 251 85 160 359 308 98 142 210 292 130 178 
1806 136 287 92 129 196 272 56 75 554 250 84 159 211 292 129 178 359 308 98 141 
1807 137 288 92 128 197 272 55 74 554 250 84 159 199 305 149 164 360 309 97 140 
1808 136 287 91 130 196 273 56 74 556 250 82 159 359 309 97 141 198 304 151 166 
1809 137 289 91 127 199 273 55 72 555 250 83 159 359 308 98 142 200 307 151 163 
1810 558 253 80 153 124 292 110 164 196 275 63 86 360 308 97 142 204 306 149 164 
1811 127 293 106 161 196 275 62 86 359 308 98 142 209 306 148 163 
1812 126 294 106 160 196 275 62 85 207 308 150 161 360 308 98 141 
1813 128 294 105 160 196 275 63 86 207 308 149 160 360 308 98 142 
1814 128 294 105 160 197 275 63 88 208 307 150 162 361 308 97 142 
1815 127 295 106 160 197 275 63 88 209 308 152 161 361 308 97 142 
1816 201 272 55 74 127 294 107 162 209 311 153 158 362 308 97 143 
1817 561 266 77 160 201 272 56 74 128 294 107 162 210 311 152 158 362 309 97 142 
1818 562 265 77 162 201 271 56 74 128 294 107 162 212 312 150 157 362 309 97 141 
1819 129 294 107 162 202 272 55 74 555 263 84 165 210 312 151 157 362 309 96 142 
1820 154 300 104 90 566 244 72 173 131 294 106 162 202 271 55 74 212 312 151 156 362 308 96 143 
1821 154 299 105 91 131 294 107 163 203 270 56 75 572 247 67 165 213 312 149 156 362 308 96 143 
1822 190 278 80 90 129 294 109 162 203 269 56 77 570 247 69 162 211 311 152 157 361 308 97 143 
1823 129 294 110 161 203 266 58 83 559 252 80 155 213 312 149 155 361 308 97 144 
1824 157 298 98 94 130 294 109 160 202 266 58 82 567 250 73 161 214 314 148 153 361 308 97 143 
1825 156 298 99 94 131 294 109 160 203 265 59 85 565 254 74 182 214 315 148 152 361 308 97 142 
1826 154 297 101 95 131 294 110 160 204 264 58 85 561 254 79 183 216 316 145 149 362 309 97 141 
1827 152 297 104 95 189 274 86 96 204 264 58 84 130 294 110 161 558 256 82 179 216 315 145 151 361 308 97 142 
1828 153 297 102 94 189 274 85 96 204 264 58 84 132 295 108 158 554 256 87 179 217 316 144 150 362 308 96 142 
1829 151 298 104 93 188 275 86 95 203 264 58 85 131 296 109 157 555 255 86 180 217 315 143 152 362 308 96 143 
1830 153 298 102 93 187 275 86 95 203 263 57 84 132 297 109 153 555 253 84 182 215 315 147 152 362 308 96 143 
1831 153 297 102 94 187 275 86 96 204 264 57 84 132 296 108 156 558 253 82 182 217 314 144 153 362 308 96 143 
1832 187 276 87 95 153 297 103 94 131 297 109 154 203 264 58 85 556 253 84 182 217 315 143 151 362 308 96 143 
1833 188 276 85 94 156 298 98 95 129 295 111 156 203 263 59 86 556 253 85 183 216 315 144 152 360 307 98 146 
1834 139 292 100 127 202 262 60 87 558 253 82 184 216 316 144 151 360 307 98 146 
1835 120 321 112 153 139 292 100 127 